Path,Type,Size
/content/drive/MyDrive/ego4d_data/ego4d.json,File,85.05 MB
/content/drive/MyDrive/ego4d_data/v2,Directory,
/content/drive/MyDrive/ego4d_data/v1,Directory,
/content/drive/MyDrive/ego4d_data/v2/annotations,Directory,
/content/drive/MyDrive/ego4d_data/v2/sta_models,Directory,
/content/drive/MyDrive/ego4d_data/v2/omnivore_video_swinl_fp16,Directory,
/content/drive/MyDrive/ego4d_data/v2/annotations/manifest.ver,File,1.22 KB
/content/drive/MyDrive/ego4d_data/v2/annotations/manifest.csv,File,3.83 KB
/content/drive/MyDrive/ego4d_data/v2/annotations/narration_verb_taxonomy.csv,File,5.79 KB
/content/drive/MyDrive/ego4d_data/v2/annotations/narration_noun_taxonomy.csv,File,29.41 KB
/content/drive/MyDrive/ego4d_data/v2/annotations/av_test_unannotated.json,File,75.21 KB
/content/drive/MyDrive/ego4d_data/v2/annotations/moments_test_unannotated.json,File,180.96 KB
/content/drive/MyDrive/ego4d_data/v2/annotations/moments_val.json,File,1.37 MB
/content/drive/MyDrive/ego4d_data/v2/annotations/moments_train.json,File,4.22 MB
/content/drive/MyDrive/ego4d_data/v2/annotations/nlq_test_unannotated.json,File,374.99 KB
/content/drive/MyDrive/ego4d_data/v2/annotations/nlq_val.json,File,2.40 MB
/content/drive/MyDrive/ego4d_data/v2/annotations/nlq_train.json,File,7.23 MB
/content/drive/MyDrive/ego4d_data/v2/annotations/vq_test_unannotated.json,File,4.09 MB
/content/drive/MyDrive/ego4d_data/v2/annotations/av_val.json,File,56.39 MB
/content/drive/MyDrive/ego4d_data/v2/annotations/vq_val.json,File,31.41 MB
/content/drive/MyDrive/ego4d_data/v2/annotations/fho_lta_val.json,File,23.72 MB
/content/drive/MyDrive/ego4d_data/v2/annotations/fho_lta_train.json,File,45.78 MB
/content/drive/MyDrive/ego4d_data/v2/annotations/vq_train.json,File,92.50 MB
/content/drive/MyDrive/ego4d_data/v2/annotations/fho_hands_test_unannotated.json,File,6.12 MB
/content/drive/MyDrive/ego4d_data/v2/annotations/fho_lta_test_unannotated.json,File,9.96 MB
/content/drive/MyDrive/ego4d_data/v2/annotations/fho_oscc-pnr_train.json,File,54.57 MB
/content/drive/MyDrive/ego4d_data/v2/annotations/fho_oscc-pnr_val.json,File,30.37 MB
/content/drive/MyDrive/ego4d_data/v2/annotations/fho_oscc-pnr_test_unannotated.json,File,6.99 MB
/content/drive/MyDrive/ego4d_data/v2/annotations/fho_lta_taxonomy.json,File,12.51 KB
/content/drive/MyDrive/ego4d_data/v2/annotations/fho_sta_val.json,File,42.26 MB
/content/drive/MyDrive/ego4d_data/v2/annotations/fho_main_taxonomy.json,File,10.21 KB
/content/drive/MyDrive/ego4d_data/v2/annotations/fho_sta_train.json,File,87.73 MB
/content/drive/MyDrive/ego4d_data/v2/annotations/fho_sta_test_unannotated.json,File,4.08 MB
/content/drive/MyDrive/ego4d_data/v2/annotations/av_train.json,File,603.04 MB
/content/drive/MyDrive/ego4d_data/v2/annotations/narration.json,File,1.03 GB
/content/drive/MyDrive/ego4d_data/v2/annotations/all_narrations_redacted.json,File,1.93 GB
/content/drive/MyDrive/ego4d_data/v2/annotations/fho_main.json,File,1.93 GB
/content/drive/MyDrive/ego4d_data/v2/sta_models/manifest.csv,File,383.00 bytes
/content/drive/MyDrive/ego4d_data/v2/sta_models/object_detections.json,File,79.70 MB
/content/drive/MyDrive/ego4d_data/v2/sta_models/slowfast_model.ckpt,File,258.71 MB
/content/drive/MyDrive/ego4d_data/v2/sta_models/object_detector.pth,File,319.74 MB
/content/drive/MyDrive/ego4d_data/v2/omnivore_video_swinl_fp16/316b709c-1f0b-495e-8538-ccd1293443a6.pt,File,2.68 MB
/content/drive/MyDrive/ego4d_data/v2/omnivore_video_swinl_fp16/200a8f32-c44a-463d-ba39-0190a0bddf7a.pt,File,15.42 MB
/content/drive/MyDrive/ego4d_data/v2/omnivore_video_swinl_fp16/817170ad-1f3b-44b1-9772-fe914fa17f30.pt,File,20.78 MB
/content/drive/MyDrive/ego4d_data/v2/omnivore_video_swinl_fp16/769a17ba-20d2-4f77-874f-874e5fb346bf.pt,File,16.36 MB
/content/drive/MyDrive/ego4d_data/v2/omnivore_video_swinl_fp16/176e0cc4-f5f3-48a4-9032-7c9c04e003f9.pt,File,12.51 MB
/content/drive/MyDrive/ego4d_data/v2/omnivore_video_swinl_fp16/0d8a3e5c-4263-4f80-b32d-39d4f33008ba.pt,File,7.30 MB
/content/drive/MyDrive/ego4d_data/v2/omnivore_video_swinl_fp16/d25c1a0b-c489-466c-aa24-9d7dd2df977e.pt,File,10.08 MB
/content/drive/MyDrive/ego4d_data/v2/omnivore_video_swinl_fp16/878b7d2a-ed21-409c-b523-8fd8c014076b.pt,File,8.22 MB
/content/drive/MyDrive/ego4d_data/v2/omnivore_video_swinl_fp16/8b72b54f-f87c-4fdb-84dc-97e42ab111ac.pt,File,8.38 MB
/content/drive/MyDrive/ego4d_data/v2/omnivore_video_swinl_fp16/719d9e89-4eb2-49ea-be14-dc2637dc303f.pt,File,3.89 MB
/content/drive/MyDrive/ego4d_data/v2/omnivore_video_swinl_fp16/21dd0acb-4549-4439-90a9-9d920bbc603d.pt,File,67.91 MB
/content/drive/MyDrive/ego4d_data/v2/omnivore_video_swinl_fp16/002d2729-df71-438d-8396-5895b349e8fd.pt,File,19.62 MB
/content/drive/MyDrive/ego4d_data/v2/omnivore_video_swinl_fp16/4ace159b-7af8-492b-9910-e14a5cb72d1a.pt,File,26.28 MB
/content/drive/MyDrive/ego4d_data/v2/omnivore_video_swinl_fp16/5122adb8-0559-4f92-8077-4a99463ca09d.pt,File,10.71 MB
/content/drive/MyDrive/ego4d_data/v2/omnivore_video_swinl_fp16/374832bf-f977-4e8b-b0e0-2f2ea1e38b5d.pt,File,8.27 MB
/content/drive/MyDrive/ego4d_data/v2/omnivore_video_swinl_fp16/b29b29d2-8335-4307-b5d7-976fa2b38f28.pt,File,11.04 MB
/content/drive/MyDrive/ego4d_data/v2/omnivore_video_swinl_fp16/4894e32d-7aab-4717-981c-9bfc1eac6aa4.pt,File,24.71 MB
/content/drive/MyDrive/ego4d_data/v2/omnivore_video_swinl_fp16/d9941963-10dd-49bc-badc-998c88cf1e18.pt,File,10.59 MB
/content/drive/MyDrive/ego4d_data/v2/omnivore_video_swinl_fp16/38473fe0-8311-44f0-a976-46a1eef5c6d6.pt,File,1.68 MB
/content/drive/MyDrive/ego4d_data/v2/omnivore_video_swinl_fp16/2fa81cfe-e0d4-42e5-be39-e14287215bd2.pt,File,12.14 MB
/content/drive/MyDrive/ego4d_data/v2/omnivore_video_swinl_fp16/60e63a2b-cbf9-420a-b17a-c50848b7f096.pt,File,12.01 MB
/content/drive/MyDrive/ego4d_data/v2/omnivore_video_swinl_fp16/062ded0e-1df8-42d1-adaa-fc948e1cd7de.pt,File,22.35 MB
/content/drive/MyDrive/ego4d_data/v2/omnivore_video_swinl_fp16/48ca7acc-2b9c-46a9-ab11-be03bd1324d9.pt,File,5.87 MB
/content/drive/MyDrive/ego4d_data/v2/omnivore_video_swinl_fp16/d7951b74-71fc-4dd7-a874-408088870e72.pt,File,34.87 MB
/content/drive/MyDrive/ego4d_data/v2/omnivore_video_swinl_fp16/40a83cc4-0e1e-4de4-8a7b-d028ecd0c214.pt,File,7.49 MB
/content/drive/MyDrive/ego4d_data/v2/omnivore_video_swinl_fp16/dee85b6f-9a43-467f-ae31-cbf468cd8965.pt,File,17.66 MB
/content/drive/MyDrive/ego4d_data/v2/omnivore_video_swinl_fp16/9b9364bc-a51c-43a1-a82e-628c4078d5c2.pt,File,19.19 MB
/content/drive/MyDrive/ego4d_data/v2/omnivore_video_swinl_fp16/1eb500cd-cdb4-415e-8bf6-cc1289edf0ee.pt,File,6.22 MB
/content/drive/MyDrive/ego4d_data/v2/omnivore_video_swinl_fp16/7b016e40-d10a-43b3-9222-cb4787a95432.pt,File,7.94 MB
/content/drive/MyDrive/ego4d_data/v2/omnivore_video_swinl_fp16/1fae6ecb-2ad9-4160-b388-c34e7d018915.pt,File,13.48 MB
/content/drive/MyDrive/ego4d_data/v2/omnivore_video_swinl_fp16/eb5cd861-7460-4d73-8945-c8eec0c3d450.pt,File,23.25 MB
/content/drive/MyDrive/ego4d_data/v2/omnivore_video_swinl_fp16/2b89ddf6-d019-4664-87a4-ea308717cd34.pt,File,2.36 MB
/content/drive/MyDrive/ego4d_data/v2/omnivore_video_swinl_fp16/1cccdb19-2eb3-4ab7-ab74-58c9b425a68c.pt,File,13.46 MB
/content/drive/MyDrive/ego4d_data/v2/omnivore_video_swinl_fp16/bd970f5b-3fd9-4ae9-9f2b-738e8ca54c1e.pt,File,8.76 MB
/content/drive/MyDrive/ego4d_data/v2/omnivore_video_swinl_fp16/a17b1c4f-3654-4385-b4eb-1a0f574a2a35.pt,File,9.91 MB
/content/drive/MyDrive/ego4d_data/v2/omnivore_video_swinl_fp16/4c53aaac-76f0-4874-ab1c-738286b9698e.pt,File,9.57 MB
/content/drive/MyDrive/ego4d_data/v2/omnivore_video_swinl_fp16/de8ea8a7-6bdb-4679-9b17-9dc6a79e45e7.pt,File,8.76 MB
/content/drive/MyDrive/ego4d_data/v2/omnivore_video_swinl_fp16/31e21213-c8e6-40f4-b498-98db071819ed.pt,File,7.68 MB
/content/drive/MyDrive/ego4d_data/v2/omnivore_video_swinl_fp16/d41f6dac-369a-4fed-abed-2423b28bb8f8.pt,File,2.92 MB
/content/drive/MyDrive/ego4d_data/v2/omnivore_video_swinl_fp16/155f8d74-4c5c-4821-a18b-fceaa9c6199c.pt,File,61.04 MB
/content/drive/MyDrive/ego4d_data/v2/omnivore_video_swinl_fp16/bcb6ca41-64ea-4c2b-90c7-1e523a5a324e.pt,File,9.59 MB
/content/drive/MyDrive/ego4d_data/v2/omnivore_video_swinl_fp16/c976bf0b-e005-40b6-8482-6c1431797edc.pt,File,29.06 MB
/content/drive/MyDrive/ego4d_data/v2/omnivore_video_swinl_fp16/615225c2-50dc-4d4a-a9d1-f6ffea27a4cf.pt,File,12.43 MB
/content/drive/MyDrive/ego4d_data/v2/omnivore_video_swinl_fp16/72546b99-74eb-49f3-9e90-b0773dd7ef24.pt,File,261.73 KB
/content/drive/MyDrive/ego4d_data/v2/omnivore_video_swinl_fp16/f6fea609-23c4-431c-8ac2-484f334a3a83.pt,File,7.22 MB
/content/drive/MyDrive/ego4d_data/v2/omnivore_video_swinl_fp16/f5bf2f21-9c7f-4eb1-9573-50e3dc4c84e1.pt,File,23.61 MB
/content/drive/MyDrive/ego4d_data/v2/omnivore_video_swinl_fp16/12bf3659-40c4-4094-a4d3-507ec04bc512.pt,File,5.84 MB
/content/drive/MyDrive/ego4d_data/v2/omnivore_video_swinl_fp16/eafc77b4-8b79-47f6-b3ab-bae2fb7703c3.pt,File,14.06 MB
/content/drive/MyDrive/ego4d_data/v2/omnivore_video_swinl_fp16/0fb8012d-430d-4b45-a8eb-5fd8cb43f5b0.pt,File,21.02 MB
/content/drive/MyDrive/ego4d_data/v2/omnivore_video_swinl_fp16/46f5a400-654f-4aa3-8185-da5ea97bc1a6.pt,File,1.54 MB
/content/drive/MyDrive/ego4d_data/v2/omnivore_video_swinl_fp16/91155366-856d-445b-8324-f7db85a51628.pt,File,102.83 MB
/content/drive/MyDrive/ego4d_data/v2/omnivore_video_swinl_fp16/ffb7ecf6-f44e-499b-b315-a4aeabf3578c.pt,File,30.59 MB
/content/drive/MyDrive/ego4d_data/v2/omnivore_video_swinl_fp16/f178b211-e532-47ef-8b2b-28a7fa4c8e0f.pt,File,23.19 MB
/content/drive/MyDrive/ego4d_data/v2/omnivore_video_swinl_fp16/358b8b7d-ca51-4470-9030-5d14e9d21abf.pt,File,31.86 MB
/content/drive/MyDrive/ego4d_data/v2/omnivore_video_swinl_fp16/0ce20f1b-104c-48aa-a957-75f772238639.pt,File,1.58 MB
/content/drive/MyDrive/ego4d_data/v2/omnivore_video_swinl_fp16/b9eed644-56a9-4a0b-b1a3-5cc0d6688297.pt,File,8.51 MB
/content/drive/MyDrive/ego4d_data/v2/omnivore_video_swinl_fp16/a77c0e56-3880-48bf-b6bf-9d46c6a42fc7.pt,File,88.35 MB
/content/drive/MyDrive/ego4d_data/v2/omnivore_video_swinl_fp16/b29fc28f-d093-47a3-a9d8-0d1b466c0433.pt,File,1.59 MB
/content/drive/MyDrive/ego4d_data/v2/omnivore_video_swinl_fp16/c396d137-e956-4a7f-ab2e-5a0b29c51afa.pt,File,10.52 MB
/content/drive/MyDrive/ego4d_data/v2/omnivore_video_swinl_fp16/550be319-373f-4e4a-8049-ca6deed20b00.pt,File,540.73 KB
/content/drive/MyDrive/ego4d_data/v2/omnivore_video_swinl_fp16/19d18a44-a421-49e6-9104-b0c09f3ac3bf.pt,File,10.77 MB
/content/drive/MyDrive/ego4d_data/v2/omnivore_video_swinl_fp16/ab875220-cd6c-410d-8fbc-94742e51e775.pt,File,14.43 MB
/content/drive/MyDrive/ego4d_data/v2/omnivore_video_swinl_fp16/a3a1246c-97fd-4824-be9e-f4e261ab525c.pt,File,20.33 MB
/content/drive/MyDrive/ego4d_data/v2/omnivore_video_swinl_fp16/9957a25a-8ef1-4538-a51e-f8c5ab8c2bc4.pt,File,2.06 MB
/content/drive/MyDrive/ego4d_data/v2/omnivore_video_swinl_fp16/937e5809-09d0-4c6b-8d9e-9329e0cf6218.pt,File,20.30 MB
/content/drive/MyDrive/ego4d_data/v2/omnivore_video_swinl_fp16/a3c4eb3f-2d62-4730-8476-6c161d0a75ea.pt,File,390.73 KB
/content/drive/MyDrive/ego4d_data/v2/omnivore_video_swinl_fp16/5538b578-1cec-4397-8bf2-66bacee94631.pt,File,32.19 MB
/content/drive/MyDrive/ego4d_data/v2/omnivore_video_swinl_fp16/79c62f24-488e-4a69-8220-3b20cb4bf72b.pt,File,29.93 MB
/content/drive/MyDrive/ego4d_data/v2/omnivore_video_swinl_fp16/c00d3596-99db-4ea7-9a65-57ab4319d640.pt,File,18.21 MB
/content/drive/MyDrive/ego4d_data/v2/omnivore_video_swinl_fp16/ae15b414-41c8-478a-94a3-e69a87ebf318.pt,File,12.99 MB
/content/drive/MyDrive/ego4d_data/v2/omnivore_video_swinl_fp16/53da674a-089d-428a-a719-e322b2de002b.pt,File,25.04 MB
/content/drive/MyDrive/ego4d_data/v2/omnivore_video_swinl_fp16/0be30efe-9d71-4698-8304-f1d441aeea58.pt,File,4.25 MB
/content/drive/MyDrive/ego4d_data/v2/omnivore_video_swinl_fp16/7e70088e-9874-4116-880e-496c835d71c6.pt,File,32.07 MB
/content/drive/MyDrive/ego4d_data/v2/omnivore_video_swinl_fp16/31cbf7bb-d464-4ec3-bddd-c387766f8572.pt,File,4.78 MB
/content/drive/MyDrive/ego4d_data/v2/omnivore_video_swinl_fp16/799cca28-da4a-463b-8ac6-f69a0b496c45.pt,File,14.34 MB
/content/drive/MyDrive/ego4d_data/v2/omnivore_video_swinl_fp16/7b696849-45f1-460f-a550-d70dc212e8b7.pt,File,26.43 MB
/content/drive/MyDrive/ego4d_data/v2/omnivore_video_swinl_fp16/4b5de875-cc82-494e-b768-8ac0ae3bb279.pt,File,10.84 MB
/content/drive/MyDrive/ego4d_data/v2/omnivore_video_swinl_fp16/8929cc82-46fc-4e81-9b06-5fe8ccd60496.pt,File,6.54 MB
/content/drive/MyDrive/ego4d_data/v2/omnivore_video_swinl_fp16/79016c36-16cd-421e-a63a-c80a95b345b0.pt,File,18.11 MB
/content/drive/MyDrive/ego4d_data/v2/omnivore_video_swinl_fp16/c0048675-8810-46dc-af51-bca6471b68b1.pt,File,8.88 MB
/content/drive/MyDrive/ego4d_data/v2/omnivore_video_swinl_fp16/2d1bf98e-a133-4f63-bc1d-91f718078a52.pt,File,4.05 MB
/content/drive/MyDrive/ego4d_data/v2/omnivore_video_swinl_fp16/14644fba-afeb-471c-8d82-2a7783dc67c5.pt,File,7.03 MB
/content/drive/MyDrive/ego4d_data/v2/omnivore_video_swinl_fp16/cb8c7491-7751-49a6-9fca-257c38e971d1.pt,File,4.18 MB
/content/drive/MyDrive/ego4d_data/v2/omnivore_video_swinl_fp16/64f466e5-99c9-4ed5-89be-7ef74d0dfdd3.pt,File,3.89 MB
/content/drive/MyDrive/ego4d_data/v2/omnivore_video_swinl_fp16/f16d2f27-33eb-4510-a07e-0bb913c7f6b4.pt,File,12.99 MB
/content/drive/MyDrive/ego4d_data/v2/omnivore_video_swinl_fp16/dabcf717-b9f8-4547-b395-2745e2a45356.pt,File,2.20 MB
/content/drive/MyDrive/ego4d_data/v2/omnivore_video_swinl_fp16/7b5fafdb-136a-4722-84a4-cffb213a224a.pt,File,14.81 MB
/content/drive/MyDrive/ego4d_data/v2/omnivore_video_swinl_fp16/dea11d9b-46ad-4561-a9a7-a9c2f453723f.pt,File,5.84 MB
/content/drive/MyDrive/ego4d_data/v2/omnivore_video_swinl_fp16/5c16c4b4-8065-410a-8160-8da3b2d0e57e.pt,File,4.64 MB
/content/drive/MyDrive/ego4d_data/v2/omnivore_video_swinl_fp16/ecdc21d9-ee59-48ab-ae02-53e9aba05ef8.pt,File,6.28 MB
/content/drive/MyDrive/ego4d_data/v2/omnivore_video_swinl_fp16/41513f7d-7445-4b72-a33c-bfcdb999b3be.pt,File,10.14 MB
/content/drive/MyDrive/ego4d_data/v2/omnivore_video_swinl_fp16/89205677-d7b0-4cf5-87b3-e446be0cd987.pt,File,66.00 MB
/content/drive/MyDrive/ego4d_data/v2/omnivore_video_swinl_fp16/a4375d98-e295-4e7d-a718-d8af066e3d57.pt,File,9.39 MB
/content/drive/MyDrive/ego4d_data/v2/omnivore_video_swinl_fp16/30805f57-8f23-4d41-91a0-19d248a62c1d.pt,File,8.85 MB
/content/drive/MyDrive/ego4d_data/v2/omnivore_video_swinl_fp16/02cf2e59-26be-43be-a4d9-7d6cbcfd0898.pt,File,19.69 MB
/content/drive/MyDrive/ego4d_data/v2/omnivore_video_swinl_fp16/6bc12612-2c12-4938-a394-c65de370a159.pt,File,12.73 MB
/content/drive/MyDrive/ego4d_data/v2/omnivore_video_swinl_fp16/477feff8-a1ff-4f43-b726-273ca0fa47e9.pt,File,11.16 MB
/content/drive/MyDrive/ego4d_data/v2/omnivore_video_swinl_fp16/000a3525-6c98-4650-aaab-be7d2c7b9402.pt,File,120.73 KB
/content/drive/MyDrive/ego4d_data/v2/omnivore_video_swinl_fp16/2c84e6a0-2a0b-4de8-ae99-aedbc871dffa.pt,File,11.12 MB
/content/drive/MyDrive/ego4d_data/v2/omnivore_video_swinl_fp16/48f344b2-67e5-46ad-9eac-a995b24dcbc7.pt,File,17.04 MB
/content/drive/MyDrive/ego4d_data/v2/omnivore_video_swinl_fp16/8996ece6-f2c1-49c4-aab7-fee6c30f2ca2.pt,File,10.95 MB
/content/drive/MyDrive/ego4d_data/v2/omnivore_video_swinl_fp16/3663482b-968f-4956-8fb8-0b127a4233ec.pt,File,22.47 MB
/content/drive/MyDrive/ego4d_data/v2/omnivore_video_swinl_fp16/5fa671a8-c6c9-40bc-9d3d-f97d94133965.pt,File,19.86 MB
/content/drive/MyDrive/ego4d_data/v2/omnivore_video_swinl_fp16/0fedfa42-bfda-47c1-8f59-2c91b2c229fe.pt,File,20.51 MB
/content/drive/MyDrive/ego4d_data/v2/omnivore_video_swinl_fp16/15ce76af-7eb0-4d27-9289-c9c71863f603.pt,File,7.46 MB
/content/drive/MyDrive/ego4d_data/v2/omnivore_video_swinl_fp16/5f7e3f1e-f4db-461e-8344-c8f130985635.pt,File,25.13 MB
/content/drive/MyDrive/ego4d_data/v2/omnivore_video_swinl_fp16/3410d16d-3450-440c-bd3c-e8140e1facce.pt,File,19.09 MB
/content/drive/MyDrive/ego4d_data/v2/omnivore_video_swinl_fp16/9c2f095e-3451-4376-a1ea-e6b504b8a8d2.pt,File,14.83 MB
/content/drive/MyDrive/ego4d_data/v2/omnivore_video_swinl_fp16/1c726086-c51a-421b-bb62-d1125db4bfe5.pt,File,22.21 MB
/content/drive/MyDrive/ego4d_data/v2/omnivore_video_swinl_fp16/134a4c63-583a-4e64-8cf9-002b6d26cdf1.pt,File,14.97 MB
/content/drive/MyDrive/ego4d_data/v2/omnivore_video_swinl_fp16/06456897-960d-4d0c-8ce2-cd50a5a57bc3.pt,File,17.20 MB
/content/drive/MyDrive/ego4d_data/v2/omnivore_video_swinl_fp16/71d7d352-00e1-455e-8779-90503c9404da.pt,File,12.04 MB
/content/drive/MyDrive/ego4d_data/v2/omnivore_video_swinl_fp16/7989f7d6-cfc7-423d-829d-267456132dbd.pt,File,942.73 KB
/content/drive/MyDrive/ego4d_data/v2/omnivore_video_swinl_fp16/a5d416f3-723a-4181-8ed3-3e3c97a4cd3c.pt,File,13.04 MB
/content/drive/MyDrive/ego4d_data/v2/omnivore_video_swinl_fp16/ffb6dfc1-d2f9-45b1-8e25-2c7d0f32d635.pt,File,9.09 MB
/content/drive/MyDrive/ego4d_data/v2/omnivore_video_swinl_fp16/484249cf-8898-4d7a-bb1f-18bcbcf4dce9.pt,File,3.29 MB
/content/drive/MyDrive/ego4d_data/v2/omnivore_video_swinl_fp16/9a4ed30a-1535-4eaa-b9dc-40437b77f852.pt,File,9.02 MB
/content/drive/MyDrive/ego4d_data/v2/omnivore_video_swinl_fp16/fb5ca588-ca6d-48f4-b906-050c80363225.pt,File,1.90 MB
/content/drive/MyDrive/ego4d_data/v2/omnivore_video_swinl_fp16/4e5663cd-24ba-4461-8d6f-665a45c97dfb.pt,File,3.43 MB
/content/drive/MyDrive/ego4d_data/v2/omnivore_video_swinl_fp16/939dcf5d-c88c-4f93-b300-982adaff5ce3.pt,File,2.87 MB
/content/drive/MyDrive/ego4d_data/v2/omnivore_video_swinl_fp16/02995fb6-f8ac-4168-a60d-8a0b1a7210bd.pt,File,5.80 MB
/content/drive/MyDrive/ego4d_data/v2/omnivore_video_swinl_fp16/b9616c31-3b51-4fea-9113-c0d5d7894beb.pt,File,312.73 KB
/content/drive/MyDrive/ego4d_data/v2/omnivore_video_swinl_fp16/3ec84720-2ef4-4537-be8b-ecd37cbbb62b.pt,File,11.06 MB
/content/drive/MyDrive/ego4d_data/v2/omnivore_video_swinl_fp16/e637b1ca-5ffb-40cb-9913-1177345a81e5.pt,File,28.75 MB
/content/drive/MyDrive/ego4d_data/v2/omnivore_video_swinl_fp16/5c0cd8bd-21ae-4e5b-91ed-b3142af3c50f.pt,File,8.62 MB
/content/drive/MyDrive/ego4d_data/v2/omnivore_video_swinl_fp16/6d9d3b31-334f-4710-8f66-8d9befde4665.pt,File,13.01 MB
/content/drive/MyDrive/ego4d_data/v2/omnivore_video_swinl_fp16/3906d25a-d0a4-4a7c-8906-a87cea106c66.pt,File,13.30 MB
/content/drive/MyDrive/ego4d_data/v2/omnivore_video_swinl_fp16/8c730e66-aa1b-4a0b-a4ee-db42b1b41f96.pt,File,81.37 MB
/content/drive/MyDrive/ego4d_data/v2/omnivore_video_swinl_fp16/2d29b45a-169b-453f-8050-98ec147b0ccf.pt,File,11.80 MB
/content/drive/MyDrive/ego4d_data/v2/omnivore_video_swinl_fp16/e4259a99-fd9f-437b-b887-3d671e32d4f0.pt,File,32.38 MB
/content/drive/MyDrive/ego4d_data/v2/omnivore_video_swinl_fp16/14d6ec93-4a74-4776-8837-abe5a305271f.pt,File,5.30 MB
/content/drive/MyDrive/ego4d_data/v2/omnivore_video_swinl_fp16/d38f271c-53f3-4771-8c17-a5157e723067.pt,File,12.49 MB
/content/drive/MyDrive/ego4d_data/v2/omnivore_video_swinl_fp16/f33dd5b7-ac69-4082-b152-a2db14b3a8cf.pt,File,26.11 MB
/content/drive/MyDrive/ego4d_data/v2/omnivore_video_swinl_fp16/8698a0ea-f434-49f9-a8e4-45220e5d4b2c.pt,File,6.79 MB
/content/drive/MyDrive/ego4d_data/v2/omnivore_video_swinl_fp16/e340405d-89a6-4282-b12b-2bdd2b0681d9.pt,File,24.64 MB
/content/drive/MyDrive/ego4d_data/v2/omnivore_video_swinl_fp16/c7d5d40f-840c-4be0-b79d-ab41394479a2.pt,File,6.28 MB
/content/drive/MyDrive/ego4d_data/v2/omnivore_video_swinl_fp16/c5c0dc6e-f414-490c-b9ec-1d36852e95d1.pt,File,4.01 MB
/content/drive/MyDrive/ego4d_data/v2/omnivore_video_swinl_fp16/02d1f024-1470-4ce6-acde-b938f7847eb6.pt,File,6.96 MB
/content/drive/MyDrive/ego4d_data/v2/omnivore_video_swinl_fp16/c70d130e-4696-41a0-b727-c1b71808038a.pt,File,7.10 MB
/content/drive/MyDrive/ego4d_data/v2/omnivore_video_swinl_fp16/7f0320b1-b866-4c80-99bf-42125d99b99e.pt,File,6.12 MB
/content/drive/MyDrive/ego4d_data/v2/omnivore_video_swinl_fp16/fd06094f-8e2f-414c-9f66-3c99cd14a151.pt,File,37.03 MB
/content/drive/MyDrive/ego4d_data/v2/omnivore_video_swinl_fp16/ab22264a-91ce-4c3f-96b0-e6405a46f92f.pt,File,7.95 MB
/content/drive/MyDrive/ego4d_data/v2/omnivore_video_swinl_fp16/a0705b91-51b7-489d-8b7d-09282f85db6e.pt,File,17.68 MB
/content/drive/MyDrive/ego4d_data/v2/omnivore_video_swinl_fp16/6fd026d8-b68c-46bc-93de-ccfa08809a9d.pt,File,10.41 MB
/content/drive/MyDrive/ego4d_data/v2/omnivore_video_swinl_fp16/4e08833b-5ba6-43e5-aab0-9f8063de5326.pt,File,11.66 MB
/content/drive/MyDrive/ego4d_data/v2/omnivore_video_swinl_fp16/fe4ee880-6cae-4f62-9d4b-fda767dda6bf.pt,File,3.72 MB
/content/drive/MyDrive/ego4d_data/v2/omnivore_video_swinl_fp16/570fc280-231c-4a3e-99c2-12eefed1c122.pt,File,22.67 MB
/content/drive/MyDrive/ego4d_data/v2/omnivore_video_swinl_fp16/f9ee14ba-828c-44dc-9071-e972cf2315c2.pt,File,2.15 MB
/content/drive/MyDrive/ego4d_data/v2/omnivore_video_swinl_fp16/f7268471-d166-4596-af48-6faf6d9ee380.pt,File,5.08 MB
/content/drive/MyDrive/ego4d_data/v2/omnivore_video_swinl_fp16/31ea56e6-7a99-4b91-b74b-3b1e6de05e99.pt,File,10.00 MB
/content/drive/MyDrive/ego4d_data/v2/omnivore_video_swinl_fp16/b71166c2-c723-4f91-89b7-3a484e14079e.pt,File,12.66 MB
/content/drive/MyDrive/ego4d_data/v2/omnivore_video_swinl_fp16/f3a9685f-0238-45a8-b7f5-30660e4d3acf.pt,File,6.81 MB
/content/drive/MyDrive/ego4d_data/v2/omnivore_video_swinl_fp16/da413a89-ecdb-44b2-bb9c-09a6bd8396c6.pt,File,35.98 MB
/content/drive/MyDrive/ego4d_data/v2/omnivore_video_swinl_fp16/ae9cb412-7b93-49ae-bb46-306dc74d5fe3.pt,File,9.71 MB
/content/drive/MyDrive/ego4d_data/v2/omnivore_video_swinl_fp16/504315c0-17fd-4259-9d2c-fd2b25fdcbea.pt,File,7.01 MB
/content/drive/MyDrive/ego4d_data/v2/omnivore_video_swinl_fp16/bea8cf53-5c59-4169-a161-b58aedb9f12a.pt,File,26.62 MB
/content/drive/MyDrive/ego4d_data/v2/omnivore_video_swinl_fp16/3534864b-2289-4aaf-b3ed-10eeeee7acd2.pt,File,15.96 MB
/content/drive/MyDrive/ego4d_data/v2/omnivore_video_swinl_fp16/b999ac9b-d285-4f44-944a-a0795969ac51.pt,File,32.39 MB
/content/drive/MyDrive/ego4d_data/v2/omnivore_video_swinl_fp16/c69b6f81-4b03-44d5-a501-511cd4c6a615.pt,File,11.62 MB
/content/drive/MyDrive/ego4d_data/v2/omnivore_video_swinl_fp16/f65d6186-b882-42c7-8660-3ceb7d75fc44.pt,File,29.06 MB
/content/drive/MyDrive/ego4d_data/v2/omnivore_video_swinl_fp16/98fdad00-49db-478f-bc77-c7d06992882e.pt,File,6.91 MB
/content/drive/MyDrive/ego4d_data/v2/omnivore_video_swinl_fp16/ff46d5f7-ef0d-4dea-b121-c04ca6ba5a42.pt,File,492.73 KB
/content/drive/MyDrive/ego4d_data/v2/omnivore_video_swinl_fp16/c7d31de3-e2fc-4542-a318-7719a6922bb4.pt,File,12.72 MB
/content/drive/MyDrive/ego4d_data/v2/omnivore_video_swinl_fp16/24750088-4716-4e6e-85ea-6ecb3bd14eb6.pt,File,87.73 KB
/content/drive/MyDrive/ego4d_data/v2/omnivore_video_swinl_fp16/4cef0e73-9dbc-41d0-9b1a-bb655fb2a716.pt,File,9.90 MB
/content/drive/MyDrive/ego4d_data/v2/omnivore_video_swinl_fp16/50f3b696-607d-4a2b-964d-58f4ebd7f019.pt,File,30.17 MB
/content/drive/MyDrive/ego4d_data/v2/omnivore_video_swinl_fp16/51fc7393-cb83-4178-9ade-6c7853a001e0.pt,File,15.09 MB
/content/drive/MyDrive/ego4d_data/v2/omnivore_video_swinl_fp16/281a7f2e-74e0-45b8-b0ca-6f03b58ac6d9.pt,File,3.18 MB
/content/drive/MyDrive/ego4d_data/v2/omnivore_video_swinl_fp16/4267a3f1-0903-4272-9085-3ef9364c288b.pt,File,14.15 MB
/content/drive/MyDrive/ego4d_data/v2/omnivore_video_swinl_fp16/36bff607-9c5d-43f4-97d2-38ad79e5220c.pt,File,22.83 MB
/content/drive/MyDrive/ego4d_data/v2/omnivore_video_swinl_fp16/b1ac8c7e-6b29-4196-a28b-e4e21b872ede.pt,File,24.49 MB
/content/drive/MyDrive/ego4d_data/v2/omnivore_video_swinl_fp16/65403036-df60-4ccb-ac72-2808b841665c.pt,File,3.89 MB
/content/drive/MyDrive/ego4d_data/v2/omnivore_video_swinl_fp16/0b8a87ed-07f2-4434-adde-a1c88f4bb30f.pt,File,996.73 KB
/content/drive/MyDrive/ego4d_data/v2/omnivore_video_swinl_fp16/98dc31a1-edbb-42d6-8d1c-0b43fe6f9c28.pt,File,4.57 MB
/content/drive/MyDrive/ego4d_data/v2/omnivore_video_swinl_fp16/f265c11a-5b65-49e2-b77a-8735f2aa9a48.pt,File,10.31 MB
/content/drive/MyDrive/ego4d_data/v2/omnivore_video_swinl_fp16/461453ca-6e9d-4e59-82b1-3138e76b62a1.pt,File,20.19 MB
/content/drive/MyDrive/ego4d_data/v2/omnivore_video_swinl_fp16/62ca20e4-b289-47fc-b175-4ce77178de82.pt,File,6.37 MB
/content/drive/MyDrive/ego4d_data/v2/omnivore_video_swinl_fp16/ba23930c-cef7-4f3e-b5bb-8f0a4ae5b1e4.pt,File,16.97 MB
/content/drive/MyDrive/ego4d_data/v2/omnivore_video_swinl_fp16/ee3e83ac-28ad-4f6d-ab48-51d7a6b5e497.pt,File,3.95 MB
/content/drive/MyDrive/ego4d_data/v2/omnivore_video_swinl_fp16/1da766ee-3e09-4e46-9e0c-37b9919c1131.pt,File,600.73 KB
/content/drive/MyDrive/ego4d_data/v2/omnivore_video_swinl_fp16/a69ae4a8-8e1d-47c1-bbd0-de2bb4a33fca.pt,File,2.92 MB
/content/drive/MyDrive/ego4d_data/v2/omnivore_video_swinl_fp16/89a95cd8-ca13-4edf-807e-d62138fd30e0.pt,File,19.81 MB
/content/drive/MyDrive/ego4d_data/v2/omnivore_video_swinl_fp16/2b5569df-5deb-4ebd-8a45-dd6524330eb8.pt,File,4.66 MB
/content/drive/MyDrive/ego4d_data/v2/omnivore_video_swinl_fp16/a31c165c-9044-471a-962b-fec98b2da808.pt,File,2.35 MB
/content/drive/MyDrive/ego4d_data/v2/omnivore_video_swinl_fp16/17324963-0877-482d-a189-11cc2862095c.pt,File,18.56 MB
/content/drive/MyDrive/ego4d_data/v2/omnivore_video_swinl_fp16/670af94f-647f-448e-b219-1e424cc0d0f1.pt,File,4.49 MB
/content/drive/MyDrive/ego4d_data/v2/omnivore_video_swinl_fp16/f7aec252-bd4f-4696-8de5-ef7b871e2194.pt,File,9.25 MB
/content/drive/MyDrive/ego4d_data/v2/omnivore_video_swinl_fp16/2f77c6e3-3751-44ea-887f-2c8caf9c6485.pt,File,14.00 MB
/content/drive/MyDrive/ego4d_data/v2/omnivore_video_swinl_fp16/24a02211-4687-49eb-b1e3-cf325e0629e7.pt,File,14.76 MB
/content/drive/MyDrive/ego4d_data/v2/omnivore_video_swinl_fp16/27e6c383-64b8-41c3-80ac-87c20d6e588b.pt,File,26.40 MB
/content/drive/MyDrive/ego4d_data/v2/omnivore_video_swinl_fp16/c003438a-eba5-430e-9f54-95a4d568e511.pt,File,34.87 MB
/content/drive/MyDrive/ego4d_data/v2/omnivore_video_swinl_fp16/6be77236-230f-4d9b-98d5-1cbf3be34023.pt,File,8.22 MB
/content/drive/MyDrive/ego4d_data/v2/omnivore_video_swinl_fp16/7f757982-5d25-4222-aa44-735c7475f0eb.pt,File,5.22 MB
/content/drive/MyDrive/ego4d_data/v2/omnivore_video_swinl_fp16/982e2d58-f1a9-444b-9151-756a920dcd9e.pt,File,3.89 MB
/content/drive/MyDrive/ego4d_data/v2/omnivore_video_swinl_fp16/34de7377-879e-4f37-bd0a-9aab8593210f.pt,File,6.37 MB
/content/drive/MyDrive/ego4d_data/v2/omnivore_video_swinl_fp16/115774b6-534d-444f-b7aa-d1b834eb0ee7.pt,File,24.15 MB
/content/drive/MyDrive/ego4d_data/v2/omnivore_video_swinl_fp16/d6e25033-e0dd-47e0-8ef5-b0cb7ba56818.pt,File,10.54 MB
/content/drive/MyDrive/ego4d_data/v2/omnivore_video_swinl_fp16/f5b87541-3879-444f-be65-2b17f1d95735.pt,File,11.36 MB
/content/drive/MyDrive/ego4d_data/v2/omnivore_video_swinl_fp16/ecb53665-3b24-416f-9a63-24030aed6f97.pt,File,13.67 MB
/content/drive/MyDrive/ego4d_data/v2/omnivore_video_swinl_fp16/3e4ffe07-a54f-42b6-9a0b-b093adad26e8.pt,File,59.80 MB
/content/drive/MyDrive/ego4d_data/v2/omnivore_video_swinl_fp16/2c27b5f1-4af6-49ad-a43c-3efb0c150868.pt,File,7.86 MB
/content/drive/MyDrive/ego4d_data/v2/omnivore_video_swinl_fp16/c8bac5e2-1c20-4fb6-9024-0659516b6772.pt,File,12.40 MB
/content/drive/MyDrive/ego4d_data/v2/omnivore_video_swinl_fp16/7cc97e6c-b934-4de3-a9ab-3dfa4a2d53d7.pt,File,8.53 MB
/content/drive/MyDrive/ego4d_data/v2/omnivore_video_swinl_fp16/ed432ff3-54f7-4fb9-9a67-80b4d43a076c.pt,File,4.70 MB
/content/drive/MyDrive/ego4d_data/v2/omnivore_video_swinl_fp16/3c503e88-f70f-4b36-b863-f0b96f5836fb.pt,File,8.99 MB
/content/drive/MyDrive/ego4d_data/v2/omnivore_video_swinl_fp16/8d84ee2b-5dcb-4311-9769-a52e7b68d9e1.pt,File,2.68 MB
/content/drive/MyDrive/ego4d_data/v2/omnivore_video_swinl_fp16/25b2f1d5-7266-401c-bdfa-32944607f564.pt,File,11.64 MB
/content/drive/MyDrive/ego4d_data/v2/omnivore_video_swinl_fp16/b0bef990-651b-42f2-aa99-b11dcde5d678.pt,File,9.51 MB
/content/drive/MyDrive/ego4d_data/v2/omnivore_video_swinl_fp16/6b0e9740-14ac-45aa-993c-574bc25a4585.pt,File,9.62 MB
/content/drive/MyDrive/ego4d_data/v2/omnivore_video_swinl_fp16/7bb3ad7f-9bdd-4806-afd6-efb7aa7babbc.pt,File,25.05 MB
/content/drive/MyDrive/ego4d_data/v2/omnivore_video_swinl_fp16/55510a84-858b-4857-bb9f-6a923b5f7882.pt,File,2.24 MB
/content/drive/MyDrive/ego4d_data/v2/omnivore_video_swinl_fp16/a869bda3-4649-4b34-af9b-a0346f8c71ea.pt,File,6.32 MB
/content/drive/MyDrive/ego4d_data/v2/omnivore_video_swinl_fp16/f19d037c-2731-4f4f-a850-bfbcb20d6f68.pt,File,14.12 MB
/content/drive/MyDrive/ego4d_data/v2/omnivore_video_swinl_fp16/99fa0600-e9a0-46bb-bb9c-15db7e3e7214.pt,File,10.05 MB
/content/drive/MyDrive/ego4d_data/v2/omnivore_video_swinl_fp16/2ca764bf-10d3-4a76-8ec2-e7eec63c6e34.pt,File,7.30 MB
/content/drive/MyDrive/ego4d_data/v2/omnivore_video_swinl_fp16/1558e9f2-d7f3-4a23-9627-4240f506d7df.pt,File,11.50 MB
/content/drive/MyDrive/ego4d_data/v2/omnivore_video_swinl_fp16/60c1aa5a-9682-4576-826d-25a1e1075982.pt,File,19.69 MB
/content/drive/MyDrive/ego4d_data/v2/omnivore_video_swinl_fp16/6ac1d2ed-1f6b-4828-a1ab-f81c40bd5e80.pt,File,6.76 MB
/content/drive/MyDrive/ego4d_data/v2/omnivore_video_swinl_fp16/bbd7f65a-71a8-4cd1-b685-7dbb4a5e5520.pt,File,513.73 KB
/content/drive/MyDrive/ego4d_data/v2/omnivore_video_swinl_fp16/aa2cbed5-ae1f-44e3-9043-6e90826f387b.pt,File,2.68 MB
/content/drive/MyDrive/ego4d_data/v2/omnivore_video_swinl_fp16/fec55104-c8e2-4eae-93dc-26e5a929259e.pt,File,10.81 MB
/content/drive/MyDrive/ego4d_data/v2/omnivore_video_swinl_fp16/5dee22c5-2530-4703-9ed4-46cb13b6ad97.pt,File,50.26 MB
/content/drive/MyDrive/ego4d_data/v2/omnivore_video_swinl_fp16/59815805-de31-4993-8f5e-f12b1537bcfc.pt,File,26.02 MB
/content/drive/MyDrive/ego4d_data/v2/omnivore_video_swinl_fp16/db171065-a8a9-49f7-bc56-66879d228b30.pt,File,10.23 MB
/content/drive/MyDrive/ego4d_data/v2/omnivore_video_swinl_fp16/689848c0-6488-4a4e-871c-c19d986532a4.pt,File,10.56 MB
/content/drive/MyDrive/ego4d_data/v2/omnivore_video_swinl_fp16/c6462f5c-2cff-4373-ba52-03e363c9d7d9.pt,File,14.83 MB
/content/drive/MyDrive/ego4d_data/v2/omnivore_video_swinl_fp16/90a0c76e-f62f-4f49-888f-5478b6ccab5b.pt,File,3.01 MB
/content/drive/MyDrive/ego4d_data/v2/omnivore_video_swinl_fp16/23ecfb5c-6d29-40a6-b070-5be19ba3e86f.pt,File,24.23 MB
/content/drive/MyDrive/ego4d_data/v2/omnivore_video_swinl_fp16/75141dec-d6b3-4e2e-a144-5a126abf7dac.pt,File,4.88 MB
/content/drive/MyDrive/ego4d_data/v2/omnivore_video_swinl_fp16/f93bf4f8-08d1-4f94-8b5f-92fdd6b37e30.pt,File,8.47 MB
/content/drive/MyDrive/ego4d_data/v2/omnivore_video_swinl_fp16/cde41c4f-50d1-4910-9f2a-4c7b6987df92.pt,File,19.42 MB
/content/drive/MyDrive/ego4d_data/v2/omnivore_video_swinl_fp16/b4f8496d-dc4a-483c-94e5-b0dabce47fc8.pt,File,8.37 MB
/content/drive/MyDrive/ego4d_data/v2/omnivore_video_swinl_fp16/4dd9015c-6d8c-4b64-b5ed-e284226b738a.pt,File,15.21 MB
/content/drive/MyDrive/ego4d_data/v2/omnivore_video_swinl_fp16/7ed330db-f50c-4fc0-ae4c-0dcb7149cfe9.pt,File,7.28 MB
/content/drive/MyDrive/ego4d_data/v2/omnivore_video_swinl_fp16/ab070b36-def2-4ad7-a760-2a9ce29ce505.pt,File,3.89 MB
/content/drive/MyDrive/ego4d_data/v2/omnivore_video_swinl_fp16/712ef11e-dc19-4fe1-ae66-0d9ec934196e.pt,File,20.27 MB
/content/drive/MyDrive/ego4d_data/v2/omnivore_video_swinl_fp16/f522ce65-50a9-4119-9d49-57c32dea58f7.pt,File,8.76 MB
/content/drive/MyDrive/ego4d_data/v2/omnivore_video_swinl_fp16/c019e4c6-45f5-4e01-9e4f-6ec4712850ce.pt,File,6.16 MB
/content/drive/MyDrive/ego4d_data/v2/omnivore_video_swinl_fp16/4ce9f93b-f44c-46fe-9050-3452d2f39abb.pt,File,23.25 MB
/content/drive/MyDrive/ego4d_data/v2/omnivore_video_swinl_fp16/65c16752-c157-4a21-9654-d980f8fdf36c.pt,File,3.14 MB
/content/drive/MyDrive/ego4d_data/v2/omnivore_video_swinl_fp16/227165a6-277b-451c-bcda-1d2cf60577ab.pt,File,5.34 MB
/content/drive/MyDrive/ego4d_data/v2/omnivore_video_swinl_fp16/d5ac2685-a012-46fe-8bc9-5c21c07edb0a.pt,File,8.81 MB
/content/drive/MyDrive/ego4d_data/v2/omnivore_video_swinl_fp16/88faccde-dd5d-4af2-b769-8f0547c2c6a3.pt,File,7.11 MB
/content/drive/MyDrive/ego4d_data/v2/omnivore_video_swinl_fp16/3f0bd238-228d-4796-a3e4-820308fb04b0.pt,File,2.92 MB
/content/drive/MyDrive/ego4d_data/v2/omnivore_video_swinl_fp16/1ea5b82f-85ab-4b05-8c55-9cc9ce9b542a.pt,File,1.81 MB
/content/drive/MyDrive/ego4d_data/v2/omnivore_video_swinl_fp16/1bfe5ac2-cbf8-4364-8a30-60d97dd395df.pt,File,3.83 MB
/content/drive/MyDrive/ego4d_data/v2/omnivore_video_swinl_fp16/c8e1a3d0-517b-4553-9621-e14776992fde.pt,File,13.52 MB
/content/drive/MyDrive/ego4d_data/v2/omnivore_video_swinl_fp16/c1b75b09-d3e8-4de4-996f-6c49d0efcd10.pt,File,16.96 MB
/content/drive/MyDrive/ego4d_data/v2/omnivore_video_swinl_fp16/f7f7d2ae-5d75-4447-934d-1573f95b8f81.pt,File,9.48 MB
/content/drive/MyDrive/ego4d_data/v2/omnivore_video_swinl_fp16/5ffb4038-585e-4fc5-85bf-84afaac2e599.pt,File,11.62 MB
/content/drive/MyDrive/ego4d_data/v2/omnivore_video_swinl_fp16/c50c5e7d-48d4-4a54-a64b-225abd3322b9.pt,File,3.17 MB
/content/drive/MyDrive/ego4d_data/v2/omnivore_video_swinl_fp16/db00b25c-2900-4e86-89c7-d23bc96d46df.pt,File,699.73 KB
/content/drive/MyDrive/ego4d_data/v2/omnivore_video_swinl_fp16/e6d01674-2031-4073-8b5c-adef89cd96d1.pt,File,3.04 MB
/content/drive/MyDrive/ego4d_data/v2/omnivore_video_swinl_fp16/a7269289-c6ff-4022-a1a5-10b9341ae93e.pt,File,10.72 MB
/content/drive/MyDrive/ego4d_data/v2/omnivore_video_swinl_fp16/caa582d2-0b56-4a75-893e-a3b727a448d0.pt,File,9.84 MB
/content/drive/MyDrive/ego4d_data/v2/omnivore_video_swinl_fp16/d8c48359-4f87-4b77-8297-b921d605fbbd.pt,File,1.30 MB
/content/drive/MyDrive/ego4d_data/v2/omnivore_video_swinl_fp16/b75bf090-1439-4b11-862b-d1dadab7f854.pt,File,16.97 MB
/content/drive/MyDrive/ego4d_data/v2/omnivore_video_swinl_fp16/5b8cb6f7-d2d6-471b-a710-6b2e27fa93b1.pt,File,9.11 MB
/content/drive/MyDrive/ego4d_data/v2/omnivore_video_swinl_fp16/c7344db5-fc90-42b9-9dad-346dd3c5e4f0.pt,File,11.45 MB
/content/drive/MyDrive/ego4d_data/v2/omnivore_video_swinl_fp16/42cb50e9-beec-45f2-83e5-048901ef65d3.pt,File,3.82 MB
/content/drive/MyDrive/ego4d_data/v2/omnivore_video_swinl_fp16/58b068dd-758f-43c7-8cd5-d17cc1aafb5a.pt,File,1.50 MB
/content/drive/MyDrive/ego4d_data/v2/omnivore_video_swinl_fp16/57f73c09-ea00-4890-88ee-deda5530cc53.pt,File,7.31 MB
/content/drive/MyDrive/ego4d_data/v2/omnivore_video_swinl_fp16/e5d94463-f292-451d-8d7c-0926001da4e1.pt,File,2.80 MB
/content/drive/MyDrive/ego4d_data/v2/omnivore_video_swinl_fp16/dd02cb36-1265-40b4-b141-4e9f58c0d3b9.pt,File,3.58 MB
/content/drive/MyDrive/ego4d_data/v2/omnivore_video_swinl_fp16/291953b9-d7f3-403b-8b8a-7aa935847064.pt,File,6.66 MB
/content/drive/MyDrive/ego4d_data/v2/omnivore_video_swinl_fp16/a2782998-77b3-47a5-ac62-ce483a420711.pt,File,8.78 MB
/content/drive/MyDrive/ego4d_data/v2/omnivore_video_swinl_fp16/6a85ad1a-746c-45ac-b372-b677cb6e0a3d.pt,File,2.07 MB
/content/drive/MyDrive/ego4d_data/v2/omnivore_video_swinl_fp16/8a933a23-55ff-42f2-8f86-c7746b2e09ac.pt,File,4.95 MB
/content/drive/MyDrive/ego4d_data/v2/omnivore_video_swinl_fp16/73139ac7-aa0a-4119-bf90-81a94a3f8c55.pt,File,1.92 MB
/content/drive/MyDrive/ego4d_data/v2/omnivore_video_swinl_fp16/18e08efb-e95e-49cb-bc89-d7695d3a2ab9.pt,File,6.53 MB
/content/drive/MyDrive/ego4d_data/v2/omnivore_video_swinl_fp16/e4dc253e-e5be-4b1e-89c2-ab1a47c486b0.pt,File,17.44 MB
/content/drive/MyDrive/ego4d_data/v2/omnivore_video_swinl_fp16/d4d34e1f-6ff1-4ec2-a2fe-9c801aa9f8dd.pt,File,4.55 MB
/content/drive/MyDrive/ego4d_data/v2/omnivore_video_swinl_fp16/6ac9ce64-b53e-40b6-b282-a9881da75f49.pt,File,12.96 MB
/content/drive/MyDrive/ego4d_data/v2/omnivore_video_swinl_fp16/e0f24177-3542-4d00-93e5-94f03a856d5f.pt,File,5.84 MB
/content/drive/MyDrive/ego4d_data/v2/omnivore_video_swinl_fp16/d582408a-1d49-4389-b3af-f5b374823c4f.pt,File,24.28 MB
/content/drive/MyDrive/ego4d_data/v2/omnivore_video_swinl_fp16/70e81c43-3bf3-4a3c-81df-16f5108a6918.pt,File,9.41 MB
/content/drive/MyDrive/ego4d_data/v2/omnivore_video_swinl_fp16/42c4f68b-e0f5-4c83-8de3-bda993ae3a16.pt,File,3.01 MB
/content/drive/MyDrive/ego4d_data/v2/omnivore_video_swinl_fp16/665e6ab8-fc69-46e4-bc40-cf2607de32fc.pt,File,29.22 MB
/content/drive/MyDrive/ego4d_data/v2/omnivore_video_swinl_fp16/4c7e1e67-a4ad-46d1-af91-caa8afe3e1c8.pt,File,20.78 MB
/content/drive/MyDrive/ego4d_data/v2/omnivore_video_swinl_fp16/51617b89-1624-465a-8aa5-f664e29d7771.pt,File,12.99 MB
/content/drive/MyDrive/ego4d_data/v2/omnivore_video_swinl_fp16/d2222009-a717-4b16-91ce-6399c5bb798a.pt,File,672.73 KB
/content/drive/MyDrive/ego4d_data/v2/omnivore_video_swinl_fp16/819320a3-8c5d-4d15-b0ec-942eab4d57a7.pt,File,5.64 MB
/content/drive/MyDrive/ego4d_data/v2/omnivore_video_swinl_fp16/5cc3a1f3-a94a-4389-b3a0-5b53c629e0e6.pt,File,23.25 MB
/content/drive/MyDrive/ego4d_data/v2/omnivore_video_swinl_fp16/9efbc0ef-4d0a-41ae-ad37-74f530ceeff0.pt,File,1.52 MB
/content/drive/MyDrive/ego4d_data/v2/omnivore_video_swinl_fp16/6070d9d1-9962-49f3-8ac7-4e29ca07e104.pt,File,9.69 MB
/content/drive/MyDrive/ego4d_data/v2/omnivore_video_swinl_fp16/ce2cf2f6-24aa-4195-93a6-f82b283815e6.pt,File,7.38 MB
/content/drive/MyDrive/ego4d_data/v2/omnivore_video_swinl_fp16/86172d5d-9673-4d94-b663-d9ddc775a313.pt,File,855.73 KB
/content/drive/MyDrive/ego4d_data/v2/omnivore_video_swinl_fp16/9b316b36-7f09-450d-b397-1961723fefb7.pt,File,29.18 MB
/content/drive/MyDrive/ego4d_data/v2/omnivore_video_swinl_fp16/df77aa22-b198-4081-a10b-940bcd3639d5.pt,File,31.65 MB
/content/drive/MyDrive/ego4d_data/v2/omnivore_video_swinl_fp16/6815d77e-72e5-465f-a82f-81cb9aabfce2.pt,File,7.26 MB
/content/drive/MyDrive/ego4d_data/v2/omnivore_video_swinl_fp16/e57140cd-b6d6-4355-a962-1146e0635a95.pt,File,10.31 MB
/content/drive/MyDrive/ego4d_data/v2/omnivore_video_swinl_fp16/81267cd9-243f-4ec6-bd2e-bfaeaf334526.pt,File,804.73 KB
/content/drive/MyDrive/ego4d_data/v2/omnivore_video_swinl_fp16/d60ab94d-8e10-40a5-8ba1-bfb154a3c842.pt,File,21.66 MB
/content/drive/MyDrive/ego4d_data/v2/omnivore_video_swinl_fp16/b79a27cf-4e81-4ae1-8cf8-029711cb1bb7.pt,File,8.15 MB
/content/drive/MyDrive/ego4d_data/v2/omnivore_video_swinl_fp16/0836e1a4-11e6-4b31-bd39-f8e083fdadb3.pt,File,16.74 MB
/content/drive/MyDrive/ego4d_data/v2/omnivore_video_swinl_fp16/52925c77-6be9-4953-9a06-993110acf76d.pt,File,5.84 MB
/content/drive/MyDrive/ego4d_data/v2/omnivore_video_swinl_fp16/f576f1bf-5433-488b-8833-8320f087e72b.pt,File,7.17 MB
/content/drive/MyDrive/ego4d_data/v2/omnivore_video_swinl_fp16/aa7bf4c1-0482-42c0-9d78-088870225045.pt,File,17.44 MB
/content/drive/MyDrive/ego4d_data/v2/omnivore_video_swinl_fp16/bdbeaad4-212d-4c45-8a32-e6c5f852f0ee.pt,File,6.78 MB
/content/drive/MyDrive/ego4d_data/v2/omnivore_video_swinl_fp16/48bba3dc-4134-43e9-b30c-20add38bfcc6.pt,File,17.68 MB
/content/drive/MyDrive/ego4d_data/v2/omnivore_video_swinl_fp16/dd28584f-13e1-4fd9-97c1-0cc9a2313868.pt,File,20.48 MB
/content/drive/MyDrive/ego4d_data/v2/omnivore_video_swinl_fp16/9a0a2d01-c4e0-4e30-8a69-642070d59ea9.pt,File,10.24 MB
/content/drive/MyDrive/ego4d_data/v2/omnivore_video_swinl_fp16/22f68c6a-b8dd-44e6-b1fe-d4e619e72f59.pt,File,8.76 MB
/content/drive/MyDrive/ego4d_data/v2/omnivore_video_swinl_fp16/127392a3-036a-4af6-9db9-ca00141229db.pt,File,3.70 MB
/content/drive/MyDrive/ego4d_data/v2/omnivore_video_swinl_fp16/9d2ec4ad-945f-4614-b41f-24260de662f6.pt,File,9.40 MB
/content/drive/MyDrive/ego4d_data/v2/omnivore_video_swinl_fp16/95f5a981-f5e8-40b9-bcd5-734c0a6a82a5.pt,File,2.75 MB
/content/drive/MyDrive/ego4d_data/v2/omnivore_video_swinl_fp16/1a58c3e1-e04c-40eb-974b-379773a18736.pt,File,5.95 MB
/content/drive/MyDrive/ego4d_data/v2/omnivore_video_swinl_fp16/160998d4-b15c-4b72-9df8-a22691480d3e.pt,File,5.83 MB
/content/drive/MyDrive/ego4d_data/v2/omnivore_video_swinl_fp16/4d24d57d-96ba-4ea1-9542-ee0520d20d3e.pt,File,11.06 MB
/content/drive/MyDrive/ego4d_data/v2/omnivore_video_swinl_fp16/1e5bd816-e1dd-43d3-8709-42c83114dc7c.pt,File,58.57 MB
/content/drive/MyDrive/ego4d_data/v2/omnivore_video_swinl_fp16/776749e2-dbd3-46f9-95f9-d20c431f4749.pt,File,6.97 MB
/content/drive/MyDrive/ego4d_data/v2/omnivore_video_swinl_fp16/aeadb544-fd9f-4bb8-bfbd-fbefd899ec8e.pt,File,7.73 MB
/content/drive/MyDrive/ego4d_data/v2/omnivore_video_swinl_fp16/913b4f05-ec61-409a-bdef-f3c1cc0f6ae0.pt,File,6.93 MB
/content/drive/MyDrive/ego4d_data/v2/omnivore_video_swinl_fp16/46fe43da-974a-4212-ad44-b98c30296909.pt,File,21.29 MB
/content/drive/MyDrive/ego4d_data/v2/omnivore_video_swinl_fp16/4ddc86f9-f3a5-4a0b-83f0-9c690b7cc1ad.pt,File,8.43 MB
/content/drive/MyDrive/ego4d_data/v2/omnivore_video_swinl_fp16/bb27951a-7459-4d36-974e-e432c7de069b.pt,File,21.77 MB
/content/drive/MyDrive/ego4d_data/v2/omnivore_video_swinl_fp16/4bed357e-d721-4ab4-b1ba-9d68fcfdfd27.pt,File,10.38 MB
/content/drive/MyDrive/ego4d_data/v2/omnivore_video_swinl_fp16/b6ae365a-dd70-42c4-90d6-e0351778d991.pt,File,2.70 MB
/content/drive/MyDrive/ego4d_data/v2/omnivore_video_swinl_fp16/e97e49cd-bc8c-449d-8d8a-7b01ca6d322b.pt,File,1.42 MB
/content/drive/MyDrive/ego4d_data/v2/omnivore_video_swinl_fp16/dc496391-e201-4f7a-a2b9-1aca69a171e7.pt,File,23.25 MB
/content/drive/MyDrive/ego4d_data/v2/omnivore_video_swinl_fp16/1120c597-930c-49b7-8a61-f0dce9c31be5.pt,File,1.17 MB
/content/drive/MyDrive/ego4d_data/v2/omnivore_video_swinl_fp16/52d94d3d-5e0b-4bdb-9048-55dcf06b4f9d.pt,File,5.25 MB
/content/drive/MyDrive/ego4d_data/v2/omnivore_video_swinl_fp16/b45f4164-7c7d-41fa-b71e-42fced56984c.pt,File,483.73 KB
/content/drive/MyDrive/ego4d_data/v2/omnivore_video_swinl_fp16/0ee70fb4-ac6d-4da8-80e6-f5a94834eb10.pt,File,20.13 MB
/content/drive/MyDrive/ego4d_data/v2/omnivore_video_swinl_fp16/5d8ebbea-6371-4be5-b611-751fb49ec294.pt,File,10.67 MB
/content/drive/MyDrive/ego4d_data/v2/omnivore_video_swinl_fp16/8c1b30cd-f67f-479a-b723-7367528ccb8e.pt,File,6.17 MB
/content/drive/MyDrive/ego4d_data/v2/omnivore_video_swinl_fp16/bef14b04-44c1-49f2-8cdb-be497e0f94e9.pt,File,2.92 MB
/content/drive/MyDrive/ego4d_data/v2/omnivore_video_swinl_fp16/c864505c-9d49-4da4-bf7e-254b4c348c03.pt,File,10.76 MB
/content/drive/MyDrive/ego4d_data/v2/omnivore_video_swinl_fp16/7bca86ab-7327-4a38-8d2f-0a668da52f5d.pt,File,5.99 MB
/content/drive/MyDrive/ego4d_data/v2/omnivore_video_swinl_fp16/a54d5238-31c1-4dad-af0d-9ea535dfb5f4.pt,File,3.79 MB
/content/drive/MyDrive/ego4d_data/v2/omnivore_video_swinl_fp16/d02bd0da-e84e-40b8-81d7-47106f1911ae.pt,File,3.69 MB
/content/drive/MyDrive/ego4d_data/v2/omnivore_video_swinl_fp16/92f8142a-25aa-444a-ae37-43fae4f95f18.pt,File,4.92 MB
/content/drive/MyDrive/ego4d_data/v2/omnivore_video_swinl_fp16/ec2d5748-62ee-498d-a735-e5392a73bcbf.pt,File,18.19 MB
/content/drive/MyDrive/ego4d_data/v2/omnivore_video_swinl_fp16/5dcbcc43-6220-457a-8e79-36ef9997eb90.pt,File,2.22 MB
/content/drive/MyDrive/ego4d_data/v2/omnivore_video_swinl_fp16/3d3f58f6-5055-4d70-aaf9-15cc853d7c5d.pt,File,5.32 MB
/content/drive/MyDrive/ego4d_data/v2/omnivore_video_swinl_fp16/2bc60910-3a1f-4498-a579-a1bcf105aee7.pt,File,4.57 MB
/content/drive/MyDrive/ego4d_data/v2/omnivore_video_swinl_fp16/432cb803-6be5-47bc-8443-6bb5b9051667.pt,File,10.02 MB
/content/drive/MyDrive/ego4d_data/v2/omnivore_video_swinl_fp16/3ef71673-7e7b-4a24-a5f7-a4e291a07601.pt,File,507.73 KB
/content/drive/MyDrive/ego4d_data/v2/omnivore_video_swinl_fp16/bbb1bf06-41f6-46e5-a051-3e75e724b2d7.pt,File,85.68 MB
/content/drive/MyDrive/ego4d_data/v2/omnivore_video_swinl_fp16/19931aba-710a-43d3-87d7-b23995d6f43d.pt,File,8.61 MB
/content/drive/MyDrive/ego4d_data/v2/omnivore_video_swinl_fp16/8a00f6f3-696f-4ec7-bc8b-d30f361eb9e0.pt,File,25.32 MB
/content/drive/MyDrive/ego4d_data/v2/omnivore_video_swinl_fp16/4d2bcd02-212e-4796-abaa-f4aa46b7ed10.pt,File,10.98 MB
/content/drive/MyDrive/ego4d_data/v2/omnivore_video_swinl_fp16/d78e3794-6f26-4e01-a2ce-08696774c056.pt,File,11.62 MB
/content/drive/MyDrive/ego4d_data/v2/omnivore_video_swinl_fp16/d36bb05b-2b9a-468c-93c1-7469aa559baf.pt,File,39.65 MB
/content/drive/MyDrive/ego4d_data/v2/omnivore_video_swinl_fp16/eaa817af-b7e0-4f0a-8156-73834cf1157b.pt,File,16.56 MB
/content/drive/MyDrive/ego4d_data/v2/omnivore_video_swinl_fp16/3fc288bb-1082-4ec5-96a7-75bb61144b11.pt,File,3.23 MB
/content/drive/MyDrive/ego4d_data/v2/omnivore_video_swinl_fp16/f89bdeab-5106-4c0c-91b6-ed010120bf18.pt,File,10.70 MB
/content/drive/MyDrive/ego4d_data/v2/omnivore_video_swinl_fp16/6b7c3181-e81f-4b75-a60b-92c6f0ba267e.pt,File,2.69 MB
/content/drive/MyDrive/ego4d_data/v2/omnivore_video_swinl_fp16/7e8d03f2-2ff9-431d-af81-e5ffcd954a63.pt,File,600.73 KB
/content/drive/MyDrive/ego4d_data/v2/omnivore_video_swinl_fp16/38802829-2f8b-4023-b00e-23c00570b820.pt,File,16.37 MB
/content/drive/MyDrive/ego4d_data/v2/omnivore_video_swinl_fp16/f0164f5d-c87e-4296-9e20-2166586c1ebd.pt,File,3.08 MB
/content/drive/MyDrive/ego4d_data/v2/omnivore_video_swinl_fp16/0ee1471a-eaf5-44aa-8b60-78b49d4dcb0e.pt,File,23.25 MB
/content/drive/MyDrive/ego4d_data/v2/omnivore_video_swinl_fp16/7844c399-e3ce-42f7-a31b-324d477217aa.pt,File,8.22 MB
/content/drive/MyDrive/ego4d_data/v2/omnivore_video_swinl_fp16/3e1e342d-a221-4c40-af4f-7ccd633b466a.pt,File,20.44 MB
/content/drive/MyDrive/ego4d_data/v2/omnivore_video_swinl_fp16/0cb95a59-008a-4087-b8dc-2299ded5617d.pt,File,1.54 MB
/content/drive/MyDrive/ego4d_data/v2/omnivore_video_swinl_fp16/2e160c88-209f-4bb2-90d4-e7edf5664bce.pt,File,17.44 MB
/content/drive/MyDrive/ego4d_data/v2/omnivore_video_swinl_fp16/21a832b1-6286-429e-b21b-dcf536016280.pt,File,1.92 MB
/content/drive/MyDrive/ego4d_data/v2/omnivore_video_swinl_fp16/a4eead21-a20a-45a3-9d6e-27318e60c997.pt,File,5.84 MB
/content/drive/MyDrive/ego4d_data/v2/omnivore_video_swinl_fp16/44f4d3f3-728f-4013-9371-8e7d8b9408a1.pt,File,7.65 MB
/content/drive/MyDrive/ego4d_data/v2/omnivore_video_swinl_fp16/f6adc4c4-49f6-438d-959f-9b9382e0393f.pt,File,7.57 MB
/content/drive/MyDrive/ego4d_data/v2/omnivore_video_swinl_fp16/aeb57aaf-58cb-4402-bd6a-1c44f530c0b8.pt,File,5.29 MB
/content/drive/MyDrive/ego4d_data/v2/omnivore_video_swinl_fp16/8327741f-773a-4868-902b-0fe25708e0b9.pt,File,9.44 MB
/content/drive/MyDrive/ego4d_data/v2/omnivore_video_swinl_fp16/9b8e8dc6-4069-4ef4-b8b2-edeb76894d53.pt,File,3.89 MB
/content/drive/MyDrive/ego4d_data/v2/omnivore_video_swinl_fp16/bf23976b-9daf-4de3-bc9e-a0c4d19bb93c.pt,File,477.73 KB
/content/drive/MyDrive/ego4d_data/v2/omnivore_video_swinl_fp16/946c850d-de94-4056-8c44-abce8f395a04.pt,File,9.68 MB
/content/drive/MyDrive/ego4d_data/v2/omnivore_video_swinl_fp16/29928d46-5209-4d00-9fbf-b5c056845ded.pt,File,6.11 MB
/content/drive/MyDrive/ego4d_data/v2/omnivore_video_swinl_fp16/b940de2b-5fa2-4f37-badc-a42a39919a65.pt,File,4.98 MB
/content/drive/MyDrive/ego4d_data/v2/omnivore_video_swinl_fp16/0e6fb738-05fc-4dd5-9746-a8e10efe8c20.pt,File,19.34 MB
/content/drive/MyDrive/ego4d_data/v2/omnivore_video_swinl_fp16/6c03be74-4692-4e3e-8eab-01f9f8e0d3ba.pt,File,6.88 MB
/content/drive/MyDrive/ego4d_data/v2/omnivore_video_swinl_fp16/e8657b65-be92-401d-a8d8-2fa32cb861c0.pt,File,6.39 MB
/content/drive/MyDrive/ego4d_data/v2/omnivore_video_swinl_fp16/3ae87694-c71b-4564-9aea-8d65ba9cc19d.pt,File,1.07 MB
/content/drive/MyDrive/ego4d_data/v2/omnivore_video_swinl_fp16/70c8bd4f-bfe1-4fb5-82ad-7d763cc28935.pt,File,4.83 MB
/content/drive/MyDrive/ego4d_data/v2/omnivore_video_swinl_fp16/a348f979-bf8f-4ff7-9fc1-8d2c370a6021.pt,File,14.60 MB
/content/drive/MyDrive/ego4d_data/v2/omnivore_video_swinl_fp16/18253dbb-ef51-4e82-a068-c704348186bd.pt,File,10.40 MB
/content/drive/MyDrive/ego4d_data/v2/omnivore_video_swinl_fp16/e0949d28-4751-46cb-8e5e-b65f2c623c55.pt,File,723.73 KB
/content/drive/MyDrive/ego4d_data/v2/omnivore_video_swinl_fp16/fcc1b592-f210-4e4a-a2e4-2dd811ae9b2b.pt,File,5.18 MB
/content/drive/MyDrive/ego4d_data/v2/omnivore_video_swinl_fp16/fa21a282-6099-45cd-a4a7-39daf7973ec0.pt,File,9.81 MB
/content/drive/MyDrive/ego4d_data/v2/omnivore_video_swinl_fp16/3d3efb83-4b41-41e3-94db-50f0f22e67ef.pt,File,30.46 MB
/content/drive/MyDrive/ego4d_data/v2/omnivore_video_swinl_fp16/952f40df-b1d7-4562-afe4-2a4ff569e949.pt,File,16.22 MB
/content/drive/MyDrive/ego4d_data/v2/omnivore_video_swinl_fp16/1348c9f9-fc8b-40c7-b1ab-5b6281e5d390.pt,File,5.80 MB
/content/drive/MyDrive/ego4d_data/v2/omnivore_video_swinl_fp16/777af83e-b317-4904-8851-9fa92a8d0d0b.pt,File,9.53 MB
/content/drive/MyDrive/ego4d_data/v2/omnivore_video_swinl_fp16/cd8282c8-528e-4da8-97d2-2987ca818ff0.pt,File,3.94 MB
/content/drive/MyDrive/ego4d_data/v2/omnivore_video_swinl_fp16/f938bcd9-bf30-4dfb-9a99-d6b9ee53c046.pt,File,2.40 MB
/content/drive/MyDrive/ego4d_data/v2/omnivore_video_swinl_fp16/921a4136-c38e-4491-8215-dde41aacdb7c.pt,File,4.35 MB
/content/drive/MyDrive/ego4d_data/v2/omnivore_video_swinl_fp16/fac12c04-2d7a-4d3a-91da-f3bdbd15af89.pt,File,6.65 MB
/content/drive/MyDrive/ego4d_data/v2/omnivore_video_swinl_fp16/81cd38d9-a5de-4f5d-ba45-12c58d7740ad.pt,File,1.13 MB
/content/drive/MyDrive/ego4d_data/v2/omnivore_video_swinl_fp16/5f2be256-1298-4876-a310-cc9c7e80774a.pt,File,6.71 MB
/content/drive/MyDrive/ego4d_data/v2/omnivore_video_swinl_fp16/34075e2a-e987-4af1-ad04-f2f4d3ae97ab.pt,File,1.60 MB
/content/drive/MyDrive/ego4d_data/v2/omnivore_video_swinl_fp16/e0b22a37-836a-4231-a5ec-98114c311d32.pt,File,639.73 KB
/content/drive/MyDrive/ego4d_data/v2/omnivore_video_swinl_fp16/abbc5555-7816-4288-8d4d-f42b0683fc44.pt,File,5.07 MB
/content/drive/MyDrive/ego4d_data/v2/omnivore_video_swinl_fp16/099f6f96-5aa7-4da8-a5e0-2e8bc03beee6.pt,File,7.21 MB
/content/drive/MyDrive/ego4d_data/v2/omnivore_video_swinl_fp16/26c14ff0-1c00-44f5-98e0-59437a50f4b1.pt,File,6.33 MB
/content/drive/MyDrive/ego4d_data/v2/omnivore_video_swinl_fp16/521fdc77-c206-4e2e-9bc0-8c7c5e25beac.pt,File,5.84 MB
/content/drive/MyDrive/ego4d_data/v2/omnivore_video_swinl_fp16/d57f96f7-0a4c-4140-8806-45cbc9eb0483.pt,File,20.04 MB
/content/drive/MyDrive/ego4d_data/v2/omnivore_video_swinl_fp16/97e4effd-1b19-4e02-982d-692f8cb21b9f.pt,File,2.92 MB
/content/drive/MyDrive/ego4d_data/v2/omnivore_video_swinl_fp16/c175b751-9108-4d84-91f3-0830c6615c18.pt,File,29.06 MB
/content/drive/MyDrive/ego4d_data/v2/omnivore_video_swinl_fp16/f5be7dbd-084b-426d-9c06-a1302f5554ee.pt,File,612.73 KB
/content/drive/MyDrive/ego4d_data/v2/omnivore_video_swinl_fp16/6da668d8-5614-4627-b128-ca748c6931a7.pt,File,19.47 MB
/content/drive/MyDrive/ego4d_data/v2/omnivore_video_swinl_fp16/8d3ac72b-5e56-4bb8-9fb2-7b57c8c9f530.pt,File,22.57 MB
/content/drive/MyDrive/ego4d_data/v2/omnivore_video_swinl_fp16/7dd8f1d3-c197-48cd-81cf-d46d9390920f.pt,File,4.06 MB
/content/drive/MyDrive/ego4d_data/v2/omnivore_video_swinl_fp16/44f4b12f-c41d-48cf-bbc9-05707873bba6.pt,File,702.73 KB
/content/drive/MyDrive/ego4d_data/v2/omnivore_video_swinl_fp16/25eca07b-a5e2-433e-b7c0-24b5d8e153de.pt,File,11.46 MB
/content/drive/MyDrive/ego4d_data/v2/omnivore_video_swinl_fp16/3f4bc54e-cddd-4255-973a-e9717de113dd.pt,File,639.73 KB
/content/drive/MyDrive/ego4d_data/v2/omnivore_video_swinl_fp16/ad7777e5-6aa4-42d8-ba65-bbe34b06afe5.pt,File,34.98 MB
/content/drive/MyDrive/ego4d_data/v2/omnivore_video_swinl_fp16/572fee00-5bc2-46ed-97df-ad046a0d0fce.pt,File,1.16 MB
/content/drive/MyDrive/ego4d_data/v2/omnivore_video_swinl_fp16/38a1e1f1-b490-4ce2-97e1-2fa7305ac3db.pt,File,14.60 MB
/content/drive/MyDrive/ego4d_data/v2/omnivore_video_swinl_fp16/f0917e7a-e945-473d-95a6-12a1b4cb4e27.pt,File,23.25 MB
/content/drive/MyDrive/ego4d_data/v2/omnivore_video_swinl_fp16/8ea8bd4d-8778-4a0e-81aa-3f34044ce7ca.pt,File,4.96 MB
/content/drive/MyDrive/ego4d_data/v2/omnivore_video_swinl_fp16/9110494f-6161-4b4a-bc98-24edeb529ccd.pt,File,528.73 KB
/content/drive/MyDrive/ego4d_data/v2/omnivore_video_swinl_fp16/622ab8aa-21f8-4ad0-99c3-7f4876850df7.pt,File,14.82 MB
/content/drive/MyDrive/ego4d_data/v2/omnivore_video_swinl_fp16/b5c3c1e3-7ee7-4b4a-b938-4d008d5aa49b.pt,File,10.20 MB
/content/drive/MyDrive/ego4d_data/v2/omnivore_video_swinl_fp16/bc07c7cb-4747-47ce-89d9-4c135345ff96.pt,File,5.43 MB
/content/drive/MyDrive/ego4d_data/v2/omnivore_video_swinl_fp16/7152d311-7801-487c-a6ed-a746e6abaa1f.pt,File,4.01 MB
/content/drive/MyDrive/ego4d_data/v2/omnivore_video_swinl_fp16/7945525f-4496-40df-b633-e75d88a3d86c.pt,File,11.62 MB
/content/drive/MyDrive/ego4d_data/v2/omnivore_video_swinl_fp16/aaa740da-6986-45aa-8445-0280ee36cded.pt,File,2.74 MB
/content/drive/MyDrive/ego4d_data/v2/omnivore_video_swinl_fp16/ac8c7637-09fd-4c9a-b7bb-df08a501922f.pt,File,1.19 MB
/content/drive/MyDrive/ego4d_data/v2/omnivore_video_swinl_fp16/ef8b6116-b6a1-43a2-b84c-4e261918e2bc.pt,File,7.01 MB
/content/drive/MyDrive/ego4d_data/v2/omnivore_video_swinl_fp16/e4ab68fe-3560-4dc1-8dbf-f8d4df39f770.pt,File,7.16 MB
/content/drive/MyDrive/ego4d_data/v2/omnivore_video_swinl_fp16/a66d4dd8-ecf5-45fd-824c-267ea2440c67.pt,File,29.06 MB
/content/drive/MyDrive/ego4d_data/v2/omnivore_video_swinl_fp16/7771192d-94f0-451e-9e64-ddd49fe85cea.pt,File,11.87 MB
/content/drive/MyDrive/ego4d_data/v2/omnivore_video_swinl_fp16/2fd1837a-613b-48af-9ad2-0222f8fd6b69.pt,File,11.46 MB
/content/drive/MyDrive/ego4d_data/v2/omnivore_video_swinl_fp16/5cae3bb3-1e1e-4b9f-82e8-87dbaad8f73d.pt,File,2.92 MB
/content/drive/MyDrive/ego4d_data/v2/omnivore_video_swinl_fp16/e636dd8b-7682-4910-8b26-781f192c37ec.pt,File,7.79 MB
/content/drive/MyDrive/ego4d_data/v2/omnivore_video_swinl_fp16/114c1877-5b5b-4ca3-9399-bd535d55669a.pt,File,2.72 MB
/content/drive/MyDrive/ego4d_data/v2/omnivore_video_swinl_fp16/2911c0de-45ad-488a-a8e7-a445d37568ad.pt,File,7.75 MB
/content/drive/MyDrive/ego4d_data/v2/omnivore_video_swinl_fp16/f3371664-e805-42ed-8a6d-964559a70ee8.pt,File,1.37 MB
/content/drive/MyDrive/ego4d_data/v2/omnivore_video_swinl_fp16/8681962d-9eef-482c-bed3-30c26cb75c3a.pt,File,1.87 MB
/content/drive/MyDrive/ego4d_data/v2/omnivore_video_swinl_fp16/cc3d4fcf-ef86-4796-9a89-5c49b3b32cd2.pt,File,7.13 MB
/content/drive/MyDrive/ego4d_data/v2/omnivore_video_swinl_fp16/2409a5a7-a4ed-4fcb-ad77-024dc20988ca.pt,File,3.89 MB
/content/drive/MyDrive/ego4d_data/v2/omnivore_video_swinl_fp16/da32ff6e-27b2-47e6-b38f-dbf7a36b5f4d.pt,File,3.70 MB
/content/drive/MyDrive/ego4d_data/v2/omnivore_video_swinl_fp16/0fbf42b1-23ed-4a2b-ad71-ab438b45e0d2.pt,File,7.63 MB
/content/drive/MyDrive/ego4d_data/v2/omnivore_video_swinl_fp16/9155f5b9-6235-484f-990d-fbd3010a791e.pt,File,13.61 MB
/content/drive/MyDrive/ego4d_data/v2/omnivore_video_swinl_fp16/e04cd16e-ac93-406c-9b60-ec7e956e9d32.pt,File,24.83 MB
/content/drive/MyDrive/ego4d_data/v2/omnivore_video_swinl_fp16/18a3840b-7463-43c4-9aa9-b1d8e486fa84.pt,File,22.26 MB
/content/drive/MyDrive/ego4d_data/v2/omnivore_video_swinl_fp16/4f8112b1-0d67-44e3-aa48-117a13ffbc60.pt,File,20.67 MB
/content/drive/MyDrive/ego4d_data/v2/omnivore_video_swinl_fp16/d3980f7e-2ef1-4b2b-b73a-2a7db7465660.pt,File,9.76 MB
/content/drive/MyDrive/ego4d_data/v2/omnivore_video_swinl_fp16/47ba5fb2-0176-401d-8950-68df861c6bd1.pt,File,18.57 MB
/content/drive/MyDrive/ego4d_data/v2/omnivore_video_swinl_fp16/b8592091-2f2c-4c37-a931-3c84e3eff3c7.pt,File,16.40 MB
/content/drive/MyDrive/ego4d_data/v2/omnivore_video_swinl_fp16/95d8c9cd-7d4f-4902-b0a5-a9c198a988be.pt,File,4.98 MB
/content/drive/MyDrive/ego4d_data/v2/omnivore_video_swinl_fp16/18d704a0-736d-4423-9d1e-ceaea3423d93.pt,File,13.73 MB
/content/drive/MyDrive/ego4d_data/v2/omnivore_video_swinl_fp16/36420847-b741-4b86-9a31-3a5bb4e296bc.pt,File,28.38 MB
/content/drive/MyDrive/ego4d_data/v2/omnivore_video_swinl_fp16/efd052ce-4af1-48f4-8546-c13428ee92ec.pt,File,12.64 MB
/content/drive/MyDrive/ego4d_data/v2/omnivore_video_swinl_fp16/f1f8d17c-3d2a-4a2a-9482-0a8e385e77ae.pt,File,2.12 MB
/content/drive/MyDrive/ego4d_data/v2/omnivore_video_swinl_fp16/c7a446bc-e16e-4e59-a027-e8449a01251a.pt,File,2.92 MB
/content/drive/MyDrive/ego4d_data/v2/omnivore_video_swinl_fp16/6c56ee6e-c196-400c-90dc-31c887648562.pt,File,3.94 MB
/content/drive/MyDrive/ego4d_data/v2/omnivore_video_swinl_fp16/34af64b6-2135-43dc-9a33-2899d92a0c8e.pt,File,5.59 MB
/content/drive/MyDrive/ego4d_data/v2/omnivore_video_swinl_fp16/3817b065-3d46-44ff-b6a6-8c4d646165f2.pt,File,7.77 MB
/content/drive/MyDrive/ego4d_data/v2/omnivore_video_swinl_fp16/9d5d11a6-add1-45bb-b015-1306dbad8b6f.pt,File,10.24 MB
/content/drive/MyDrive/ego4d_data/v2/omnivore_video_swinl_fp16/2d0c81c8-d7ff-4240-9ee7-4c71c152fb0a.pt,File,609.73 KB
/content/drive/MyDrive/ego4d_data/v2/omnivore_video_swinl_fp16/eff9a4e2-a2ab-45d4-a142-64a9aa4fc6e9.pt,File,10.28 MB
/content/drive/MyDrive/ego4d_data/v2/omnivore_video_swinl_fp16/7ab911c5-44ec-44e8-b81a-e05625f39500.pt,File,1.39 MB
/content/drive/MyDrive/ego4d_data/v2/omnivore_video_swinl_fp16/9df7ece6-df68-4158-a294-06aa242c2b9d.pt,File,6.12 MB
/content/drive/MyDrive/ego4d_data/v2/omnivore_video_swinl_fp16/0b24eb9e-a5ae-4389-b2cd-11fbf88e9c4a.pt,File,2.53 MB
/content/drive/MyDrive/ego4d_data/v2/omnivore_video_swinl_fp16/8a280483-bbfd-4f24-9654-bf6a008e406d.pt,File,5.16 MB
/content/drive/MyDrive/ego4d_data/v2/omnivore_video_swinl_fp16/e8283c8f-ecc0-448a-84d2-9f16160d7a4b.pt,File,5.28 MB
/content/drive/MyDrive/ego4d_data/v2/omnivore_video_swinl_fp16/a23b3840-0a21-4bdc-87df-b0c3b7df6bd2.pt,File,6.84 MB
/content/drive/MyDrive/ego4d_data/v2/omnivore_video_swinl_fp16/27ddfcaf-4c2c-4193-917d-22ff60222a60.pt,File,9.48 MB
/content/drive/MyDrive/ego4d_data/v2/omnivore_video_swinl_fp16/af2400f6-f0b6-4014-b43a-7942a1fe1baf.pt,File,6.17 MB
/content/drive/MyDrive/ego4d_data/v2/omnivore_video_swinl_fp16/e406c375-245c-419e-9525-652f61eda7d3.pt,File,11.68 MB
/content/drive/MyDrive/ego4d_data/v2/omnivore_video_swinl_fp16/a84b3599-88ba-4bbd-8be3-c0051e8d811f.pt,File,29.09 MB
/content/drive/MyDrive/ego4d_data/v2/omnivore_video_swinl_fp16/e75caa1f-8658-432c-b559-f6a1f3fc409c.pt,File,18.20 MB
/content/drive/MyDrive/ego4d_data/v2/omnivore_video_swinl_fp16/f9a49dfd-e6f1-4827-9903-73a562ab32cd.pt,File,7.05 MB
/content/drive/MyDrive/ego4d_data/v2/omnivore_video_swinl_fp16/97540512-8d9d-4c0a-b3b1-885b4b1c40b2.pt,File,6.80 MB
/content/drive/MyDrive/ego4d_data/v2/omnivore_video_swinl_fp16/40359e3f-931e-4c0b-8d8b-a87d1773320f.pt,File,13.20 MB
/content/drive/MyDrive/ego4d_data/v2/omnivore_video_swinl_fp16/201956f0-8e28-4ba2-b96b-98855c738fb0.pt,File,1.73 MB
/content/drive/MyDrive/ego4d_data/v2/omnivore_video_swinl_fp16/b4707bc6-3579-4992-93ec-0eff21ba8922.pt,File,11.69 MB
/content/drive/MyDrive/ego4d_data/v2/omnivore_video_swinl_fp16/c2fa0704-bdc2-4edf-9c6d-e8ab2160f1b6.pt,File,10.81 MB
/content/drive/MyDrive/ego4d_data/v2/omnivore_video_swinl_fp16/23d27284-5421-4913-baba-b660fadd1920.pt,File,117.73 KB
/content/drive/MyDrive/ego4d_data/v2/omnivore_video_swinl_fp16/a56c188b-0bb8-4285-bf1f-aed452dacc1e.pt,File,7.97 MB
/content/drive/MyDrive/ego4d_data/v2/omnivore_video_swinl_fp16/9faf5095-8741-4b2d-8b2e-e803467c7130.pt,File,23.84 MB
/content/drive/MyDrive/ego4d_data/v2/omnivore_video_swinl_fp16/5b97f47f-f015-46f3-8879-3fcc2a61a728.pt,File,24.09 MB
/content/drive/MyDrive/ego4d_data/v2/omnivore_video_swinl_fp16/ee1eea29-aaad-41a4-b299-c72ed26c9da5.pt,File,4.94 MB
/content/drive/MyDrive/ego4d_data/v2/omnivore_video_swinl_fp16/7dae465c-26d8-49a4-a9bb-b02d6524d542.pt,File,435.73 KB
/content/drive/MyDrive/ego4d_data/v2/omnivore_video_swinl_fp16/cf9103c8-f2f9-4a6d-bfe2-5086b2ea8f92.pt,File,11.78 MB
/content/drive/MyDrive/ego4d_data/v2/omnivore_video_swinl_fp16/e9ab9c6c-acbf-45e7-bc5d-d7b305973f37.pt,File,14.75 MB
/content/drive/MyDrive/ego4d_data/v2/omnivore_video_swinl_fp16/858c1362-b0e9-4281-9200-a3abc6c524ba.pt,File,363.73 KB
/content/drive/MyDrive/ego4d_data/v2/omnivore_video_swinl_fp16/c79e05d5-eaf6-4323-a707-744020743037.pt,File,14.07 MB
/content/drive/MyDrive/ego4d_data/v2/omnivore_video_swinl_fp16/9a63a726-df18-4114-9113-86e04fba8eff.pt,File,28.28 MB
/content/drive/MyDrive/ego4d_data/v2/omnivore_video_swinl_fp16/38f872c3-7300-4c7c-a2be-614ddb415ce7.pt,File,14.17 MB
/content/drive/MyDrive/ego4d_data/v2/omnivore_video_swinl_fp16/04994ce8-9d47-44d6-a7b0-42b395e69390.pt,File,8.10 MB
/content/drive/MyDrive/ego4d_data/v2/omnivore_video_swinl_fp16/0fe191ef-c28a-422c-aede-46f8aa8532a6.pt,File,19.34 MB
/content/drive/MyDrive/ego4d_data/v2/omnivore_video_swinl_fp16/ec3f2fa8-babe-4407-97bc-8fe8f1ee27be.pt,File,2.58 MB
/content/drive/MyDrive/ego4d_data/v2/omnivore_video_swinl_fp16/080657b3-7f23-4285-96ec-39136e58cdf1.pt,File,132.73 KB
/content/drive/MyDrive/ego4d_data/v2/omnivore_video_swinl_fp16/d3075d27-12e9-40ec-9066-cb381eed8aa6.pt,File,5.24 MB
/content/drive/MyDrive/ego4d_data/v2/omnivore_video_swinl_fp16/45199793-36b2-45e0-8649-2515afaffa3a.pt,File,23.25 MB
/content/drive/MyDrive/ego4d_data/v2/omnivore_video_swinl_fp16/141e08b9-c464-4b6f-9642-d9268ce419ae.pt,File,9.40 MB
/content/drive/MyDrive/ego4d_data/v2/omnivore_video_swinl_fp16/4c45d8f4-e026-4ca3-a1e4-6d32da434469.pt,File,14.10 MB
/content/drive/MyDrive/ego4d_data/v2/omnivore_video_swinl_fp16/6269fa52-58af-46d3-9a4b-7aca66c3b622.pt,File,3.20 MB
/content/drive/MyDrive/ego4d_data/v2/omnivore_video_swinl_fp16/32ccccb7-547d-4bd3-9669-d6bb71466fe4.pt,File,15.89 MB
/content/drive/MyDrive/ego4d_data/v2/omnivore_video_swinl_fp16/30e16a80-2a80-4407-9193-533292e57230.pt,File,2.55 MB
/content/drive/MyDrive/ego4d_data/v2/omnivore_video_swinl_fp16/f5778003-9aea-4ca0-9398-69299ba0331c.pt,File,987.73 KB
/content/drive/MyDrive/ego4d_data/v2/omnivore_video_swinl_fp16/ac0fa6ee-ce7c-42e4-951c-cea1259ccec3.pt,File,3.65 MB
/content/drive/MyDrive/ego4d_data/v2/omnivore_video_swinl_fp16/3ab744ba-9969-452c-a825-38affebd4139.pt,File,17.53 MB
/content/drive/MyDrive/ego4d_data/v2/omnivore_video_swinl_fp16/47ecb48a-98ca-42d8-98c0-030c3166afec.pt,File,13.38 MB
/content/drive/MyDrive/ego4d_data/v2/omnivore_video_swinl_fp16/a00c0367-4ed0-4e47-962c-62b4121ae0d2.pt,File,10.22 MB
/content/drive/MyDrive/ego4d_data/v2/omnivore_video_swinl_fp16/3fa64efd-45e8-412e-a665-914d0cfda32e.pt,File,2.87 MB
/content/drive/MyDrive/ego4d_data/v2/omnivore_video_swinl_fp16/69513835-bd3f-4965-8126-fc8f0a7ae196.pt,File,14.72 MB
/content/drive/MyDrive/ego4d_data/v2/omnivore_video_swinl_fp16/dc708402-b918-4bef-b2ea-88bf22a7fb1f.pt,File,2.36 MB
/content/drive/MyDrive/ego4d_data/v2/omnivore_video_swinl_fp16/7f123171-c6dd-4197-bf29-3ba4d4a584f7.pt,File,15.67 MB
/content/drive/MyDrive/ego4d_data/v2/omnivore_video_swinl_fp16/25d0feb6-f66f-499f-a6b0-0ceb9df56896.pt,File,23.06 MB
/content/drive/MyDrive/ego4d_data/v2/omnivore_video_swinl_fp16/dbb150a2-a47c-42b0-82e4-b076b69f0fb2.pt,File,5.33 MB
/content/drive/MyDrive/ego4d_data/v2/omnivore_video_swinl_fp16/857ba2af-a390-4b83-88cb-7512b3228bd3.pt,File,5.99 MB
/content/drive/MyDrive/ego4d_data/v2/omnivore_video_swinl_fp16/274bea99-673e-43a3-b5d5-d49c98cccc8c.pt,File,16.09 MB
/content/drive/MyDrive/ego4d_data/v2/omnivore_video_swinl_fp16/d51a0b73-1ad7-4d4e-be99-714f6637668a.pt,File,7.68 MB
/content/drive/MyDrive/ego4d_data/v2/omnivore_video_swinl_fp16/f8cbac27-db1d-4be2-85d5-5af602246f61.pt,File,4.56 MB
/content/drive/MyDrive/ego4d_data/v2/omnivore_video_swinl_fp16/9ff8c35c-bd28-436f-b35b-ee460f983a67.pt,File,3.65 MB
/content/drive/MyDrive/ego4d_data/v2/omnivore_video_swinl_fp16/2cb383c0-4c33-4eed-9279-91521ff19cbc.pt,File,1.36 MB
/content/drive/MyDrive/ego4d_data/v2/omnivore_video_swinl_fp16/9e9c5b05-c7d4-450d-9850-e6ae83caa9a5.pt,File,18.95 MB
/content/drive/MyDrive/ego4d_data/v2/omnivore_video_swinl_fp16/63f32d44-1c3f-4b36-a33e-64a88592ad59.pt,File,2.03 MB
/content/drive/MyDrive/ego4d_data/v2/omnivore_video_swinl_fp16/967a59be-d86f-46af-8cd4-b796efce48a1.pt,File,2.73 MB
/content/drive/MyDrive/ego4d_data/v2/omnivore_video_swinl_fp16/20d62117-8b5f-44b3-b86f-a936e6cdd2c2.pt,File,5.08 MB
/content/drive/MyDrive/ego4d_data/v2/omnivore_video_swinl_fp16/2d386a76-9ef1-49ff-982e-d5e403bba456.pt,File,2.55 MB
/content/drive/MyDrive/ego4d_data/v2/omnivore_video_swinl_fp16/54891e75-89de-4ef5-9ee0-9c628cc75e3d.pt,File,7.23 MB
/content/drive/MyDrive/ego4d_data/v2/omnivore_video_swinl_fp16/07b357ce-0bce-4d5e-b7ab-c16f1d4c7de6.pt,File,5.76 MB
/content/drive/MyDrive/ego4d_data/v2/omnivore_video_swinl_fp16/8fca1865-7ce7-4a3e-8797-530f15d30bdf.pt,File,2.34 MB
/content/drive/MyDrive/ego4d_data/v2/omnivore_video_swinl_fp16/7bc80e9a-d235-4245-9876-9f414969b6d0.pt,File,3.26 MB
/content/drive/MyDrive/ego4d_data/v2/omnivore_video_swinl_fp16/1da68f69-6fa2-4a1f-b763-14181861a617.pt,File,3.71 MB
/content/drive/MyDrive/ego4d_data/v2/omnivore_video_swinl_fp16/453dc4a1-57b2-4803-9156-cf30016c3a79.pt,File,22.46 MB
/content/drive/MyDrive/ego4d_data/v2/omnivore_video_swinl_fp16/000cd456-ff8d-499b-b0c1-4acead128a8b.pt,File,5.26 MB
/content/drive/MyDrive/ego4d_data/v2/omnivore_video_swinl_fp16/c2a3d4ac-8d13-4daa-a9a9-a867999e956f.pt,File,9.89 MB
/content/drive/MyDrive/ego4d_data/v2/omnivore_video_swinl_fp16/753e2afd-63dc-4e7b-ad56-9d5f86287f4b.pt,File,6.74 MB
/content/drive/MyDrive/ego4d_data/v2/omnivore_video_swinl_fp16/9150651c-c1a1-477a-b88c-e2b05e4402ed.pt,File,11.42 MB
/content/drive/MyDrive/ego4d_data/v2/omnivore_video_swinl_fp16/7ddbf8a2-5b3e-44cd-b9dc-db17ec06831b.pt,File,31.01 MB
/content/drive/MyDrive/ego4d_data/v2/omnivore_video_swinl_fp16/c53d79b9-097a-45e6-9603-22f1a63fece8.pt,File,2.92 MB
/content/drive/MyDrive/ego4d_data/v2/omnivore_video_swinl_fp16/8da5f5a1-ae5f-45e8-a7f7-3226547c3c4d.pt,File,5.52 MB
/content/drive/MyDrive/ego4d_data/v2/omnivore_video_swinl_fp16/8c335aa9-5caf-4e54-bffb-031ffd452888.pt,File,12.50 MB
/content/drive/MyDrive/ego4d_data/v2/omnivore_video_swinl_fp16/7aca7552-56d2-4ac0-be30-aed9c5dfc8ea.pt,File,20.94 MB
/content/drive/MyDrive/ego4d_data/v2/omnivore_video_swinl_fp16/9827a535-6963-434f-ad79-1940aa622c22.pt,File,7.74 MB
/content/drive/MyDrive/ego4d_data/v2/omnivore_video_swinl_fp16/8f847cfc-ae36-461c-a96b-8fc58766fb2d.pt,File,1.74 MB
/content/drive/MyDrive/ego4d_data/v2/omnivore_video_swinl_fp16/def2e8dd-aaf7-467f-aa8f-46f654e6f4e0.pt,File,10.71 MB
/content/drive/MyDrive/ego4d_data/v2/omnivore_video_swinl_fp16/a54b4d01-0962-4e75-be97-a9f50edb43a9.pt,File,6.52 MB
/content/drive/MyDrive/ego4d_data/v2/omnivore_video_swinl_fp16/9a968109-3a9e-4e6d-a0e8-fed2ec1128f8.pt,File,5.63 MB
/content/drive/MyDrive/ego4d_data/v2/omnivore_video_swinl_fp16/0b245a61-32d6-4b14-897c-724adad5b231.pt,File,3.88 MB
/content/drive/MyDrive/ego4d_data/v2/omnivore_video_swinl_fp16/37582977-97fb-4df7-bc26-3a95af124730.pt,File,9.94 MB
/content/drive/MyDrive/ego4d_data/v2/omnivore_video_swinl_fp16/8d50f526-624c-40bd-b696-7ad6ce5746ab.pt,File,2.68 MB
/content/drive/MyDrive/ego4d_data/v2/omnivore_video_swinl_fp16/7f334458-5c4c-4223-b04d-80616499adbb.pt,File,936.73 KB
/content/drive/MyDrive/ego4d_data/v2/omnivore_video_swinl_fp16/7f08c8f8-ed48-49db-837d-e0b544edec88.pt,File,264.73 KB
/content/drive/MyDrive/ego4d_data/v2/omnivore_video_swinl_fp16/e91bd0fd-abaa-4aa8-90db-21eae97c25f3.pt,File,10.61 MB
/content/drive/MyDrive/ego4d_data/v2/omnivore_video_swinl_fp16/6f93978d-a3d0-467d-b401-e23b3c92f3bf.pt,File,30.25 MB
/content/drive/MyDrive/ego4d_data/v2/omnivore_video_swinl_fp16/d91dc73b-0c0e-49ed-960c-4534e7557c48.pt,File,5.47 MB
/content/drive/MyDrive/ego4d_data/v2/omnivore_video_swinl_fp16/a47718d6-30dc-4afa-8088-a62e1e81d3e6.pt,File,2.08 MB
/content/drive/MyDrive/ego4d_data/v2/omnivore_video_swinl_fp16/9c59e912-2340-4400-b2df-7db3d4066723.pt,File,16.71 MB
/content/drive/MyDrive/ego4d_data/v2/omnivore_video_swinl_fp16/91c006d8-b55c-4426-a7b6-dd527a8ec27d.pt,File,28.36 MB
/content/drive/MyDrive/ego4d_data/v2/omnivore_video_swinl_fp16/0b8bba27-40f4-4c13-8513-17666c1361d1.pt,File,2.32 MB
/content/drive/MyDrive/ego4d_data/v2/omnivore_video_swinl_fp16/03f4405c-9ed4-4b91-b87d-ccc8f6e126d6.pt,File,5.18 MB
/content/drive/MyDrive/ego4d_data/v2/omnivore_video_swinl_fp16/fc1a0579-6377-4d5a-b2f4-7d25643b5c24.pt,File,13.88 MB
/content/drive/MyDrive/ego4d_data/v2/omnivore_video_swinl_fp16/703d550a-0a84-4bcf-9b45-e25c864ade70.pt,File,78.73 KB
/content/drive/MyDrive/ego4d_data/v2/omnivore_video_swinl_fp16/c91d9d69-c0f0-4785-a40d-27ee44fa5f6e.pt,File,10.24 MB
/content/drive/MyDrive/ego4d_data/v2/omnivore_video_swinl_fp16/c4d30882-e057-4028-aaff-d8676ae50699.pt,File,11.62 MB
/content/drive/MyDrive/ego4d_data/v2/omnivore_video_swinl_fp16/c9c44dea-c37b-461d-aa14-20e934126df5.pt,File,25.93 MB
/content/drive/MyDrive/ego4d_data/v2/omnivore_video_swinl_fp16/7b354894-82a8-4110-860b-44d4d7798373.pt,File,6.05 MB
/content/drive/MyDrive/ego4d_data/v2/omnivore_video_swinl_fp16/f2e4ad31-16ab-4663-9f3c-b0a644262016.pt,File,558.73 KB
/content/drive/MyDrive/ego4d_data/v2/omnivore_video_swinl_fp16/23e0af07-6932-4ccf-8551-3a720d141b89.pt,File,15.42 MB
/content/drive/MyDrive/ego4d_data/v2/omnivore_video_swinl_fp16/50444259-3a59-4f0a-b846-ac0c1b32b5ca.pt,File,7.37 MB
/content/drive/MyDrive/ego4d_data/v2/omnivore_video_swinl_fp16/f131861d-c8df-4f78-b28e-7b82cc8d1270.pt,File,1.01 MB
/content/drive/MyDrive/ego4d_data/v2/omnivore_video_swinl_fp16/7bc5387f-93a3-48ca-bd33-bd01fbb43c54.pt,File,1005.73 KB
/content/drive/MyDrive/ego4d_data/v2/omnivore_video_swinl_fp16/f3e79f6b-3b27-4aa6-a270-55a6424fd974.pt,File,5.37 MB
/content/drive/MyDrive/ego4d_data/v2/omnivore_video_swinl_fp16/28bc1ee7-b0c1-4f30-934a-0ab665779d90.pt,File,7.66 MB
/content/drive/MyDrive/ego4d_data/v2/omnivore_video_swinl_fp16/98bda8e8-4dee-4374-8357-e611bee6238b.pt,File,29.25 MB
/content/drive/MyDrive/ego4d_data/v2/omnivore_video_swinl_fp16/dc16fb2a-7caf-41f4-b2a3-d2ff8cd38255.pt,File,8.19 MB
/content/drive/MyDrive/ego4d_data/v2/omnivore_video_swinl_fp16/a7a4014b-f938-49ca-bd5f-f5bb88843ac4.pt,File,828.73 KB
/content/drive/MyDrive/ego4d_data/v2/omnivore_video_swinl_fp16/162c1bc4-89df-4475-a549-3faa7ef27c1e.pt,File,14.60 MB
/content/drive/MyDrive/ego4d_data/v2/omnivore_video_swinl_fp16/f9a98d72-b5f1-4840-9093-d351586269c0.pt,File,25.40 MB
/content/drive/MyDrive/ego4d_data/v2/omnivore_video_swinl_fp16/e19b1be3-8ee9-44cc-ae7d-99a3591ebba5.pt,File,3.89 MB
/content/drive/MyDrive/ego4d_data/v2/omnivore_video_swinl_fp16/13751c70-fca9-4f64-a339-890b6c770664.pt,File,16.54 MB
/content/drive/MyDrive/ego4d_data/v2/omnivore_video_swinl_fp16/50839db0-89c0-43ee-b558-376783e20591.pt,File,1.53 MB
/content/drive/MyDrive/ego4d_data/v2/omnivore_video_swinl_fp16/883c2e5a-abc9-424a-9d63-379499652096.pt,File,4.97 MB
/content/drive/MyDrive/ego4d_data/v2/omnivore_video_swinl_fp16/4c2ea5f1-64a3-41d4-9ce4-e1ea443720b3.pt,File,8.32 MB
/content/drive/MyDrive/ego4d_data/v2/omnivore_video_swinl_fp16/33052ab8-d0af-414c-8655-3046c6990f3c.pt,File,2.48 MB
/content/drive/MyDrive/ego4d_data/v2/omnivore_video_swinl_fp16/5efa966b-01b6-4bbb-a4b6-702ef89c3a10.pt,File,4.08 MB
/content/drive/MyDrive/ego4d_data/v2/omnivore_video_swinl_fp16/05e8b510-0973-4cbd-9a23-bf2c156b7958.pt,File,2.60 MB
/content/drive/MyDrive/ego4d_data/v2/omnivore_video_swinl_fp16/c7e8af35-608f-4d18-b752-2f3140f5fcc4.pt,File,13.47 MB
/content/drive/MyDrive/ego4d_data/v2/omnivore_video_swinl_fp16/ab5dc330-1bd2-40f2-87c1-dffd374e19a1.pt,File,9.19 MB
/content/drive/MyDrive/ego4d_data/v2/omnivore_video_swinl_fp16/ee6f0404-9c97-4240-bd7b-2dcb340031d5.pt,File,1.14 MB
/content/drive/MyDrive/ego4d_data/v2/omnivore_video_swinl_fp16/9d4612dc-de21-48a6-a003-0f7485adb8cd.pt,File,25.02 MB
/content/drive/MyDrive/ego4d_data/v2/omnivore_video_swinl_fp16/01db7c39-a512-4bac-b284-dff8c7360e80.pt,File,3.76 MB
/content/drive/MyDrive/ego4d_data/v2/omnivore_video_swinl_fp16/4d980c7b-3e02-47ff-8a11-af55d04a8c4d.pt,File,1.27 MB
/content/drive/MyDrive/ego4d_data/v2/omnivore_video_swinl_fp16/a45dfce3-426f-4a51-956b-7ad5b5fb0528.pt,File,2.92 MB
/content/drive/MyDrive/ego4d_data/v2/omnivore_video_swinl_fp16/1b9f06a7-b26d-4c74-863e-1d4fa22bbc37.pt,File,11.62 MB
/content/drive/MyDrive/ego4d_data/v2/omnivore_video_swinl_fp16/6b7263dd-0354-468b-a485-0471ace84f15.pt,File,1.95 MB
/content/drive/MyDrive/ego4d_data/v2/omnivore_video_swinl_fp16/f3c51a17-e771-45dd-bc13-f2de5c903f69.pt,File,22.84 MB
/content/drive/MyDrive/ego4d_data/v2/omnivore_video_swinl_fp16/bb16e081-d56d-40c0-a000-6d59ddb4498d.pt,File,3.90 MB
/content/drive/MyDrive/ego4d_data/v2/omnivore_video_swinl_fp16/666beb29-be82-4f5f-8556-644ed5af8d90.pt,File,2.11 MB
/content/drive/MyDrive/ego4d_data/v2/omnivore_video_swinl_fp16/52b42c33-ac42-435a-aef0-2b00d43516ec.pt,File,8.56 MB
/content/drive/MyDrive/ego4d_data/v2/omnivore_video_swinl_fp16/f3235555-28ea-4ffa-842b-ccf862ec0ae9.pt,File,10.81 MB
/content/drive/MyDrive/ego4d_data/v2/omnivore_video_swinl_fp16/b367b7d2-180e-48c6-b4b3-34e770acbbd4.pt,File,34.87 MB
/content/drive/MyDrive/ego4d_data/v2/omnivore_video_swinl_fp16/e84c2ee8-0e6a-4d77-953d-00fb5afd76c4.pt,File,6.41 MB
/content/drive/MyDrive/ego4d_data/v2/omnivore_video_swinl_fp16/d0b57a7c-08d4-4c0e-80f0-836979dd965d.pt,File,1.41 MB
/content/drive/MyDrive/ego4d_data/v2/omnivore_video_swinl_fp16/90093217-6a61-48ce-b737-e581499cf491.pt,File,10.46 MB
/content/drive/MyDrive/ego4d_data/v2/omnivore_video_swinl_fp16/9e0dfc08-330b-489b-afa7-880993e1a7a7.pt,File,3.01 MB
/content/drive/MyDrive/ego4d_data/v2/omnivore_video_swinl_fp16/dad6f975-3cbf-4609-a362-5bdef5a031a2.pt,File,11.24 MB
/content/drive/MyDrive/ego4d_data/v2/omnivore_video_swinl_fp16/0f809826-2ccb-4a75-abbd-81125f65994c.pt,File,6.29 MB
/content/drive/MyDrive/ego4d_data/v2/omnivore_video_swinl_fp16/0aec2b0c-18e1-453b-a6ed-e484698d41df.pt,File,15.89 MB
/content/drive/MyDrive/ego4d_data/v2/omnivore_video_swinl_fp16/b029658f-073b-4df7-a74d-f72753277ba0.pt,File,10.69 MB
/content/drive/MyDrive/ego4d_data/v2/omnivore_video_swinl_fp16/599037f1-5825-4315-a75d-9a50d16959b5.pt,File,1.32 MB
/content/drive/MyDrive/ego4d_data/v2/omnivore_video_swinl_fp16/95aa4159-3ad7-46f3-ad1e-c85e6b64659c.pt,File,2.01 MB
/content/drive/MyDrive/ego4d_data/v2/omnivore_video_swinl_fp16/6baf5a36-83e6-4fb4-81bc-970dffd1df49.pt,File,4.06 MB
/content/drive/MyDrive/ego4d_data/v2/omnivore_video_swinl_fp16/f7a0beb6-b220-40c0-a72d-ec4b79134a73.pt,File,6.81 MB
/content/drive/MyDrive/ego4d_data/v2/omnivore_video_swinl_fp16/6b889d80-1c10-413c-9532-fbd629305a43.pt,File,11.05 MB
/content/drive/MyDrive/ego4d_data/v2/omnivore_video_swinl_fp16/8e5c3d75-8a5c-45c7-ad7c-3dec1c7615ed.pt,File,789.73 KB
/content/drive/MyDrive/ego4d_data/v2/omnivore_video_swinl_fp16/1b9c07d3-0656-48ad-bae4-cca25f6664c9.pt,File,6.55 MB
/content/drive/MyDrive/ego4d_data/v2/omnivore_video_swinl_fp16/460e3501-ff8e-4dcf-b47b-c298b9c46006.pt,File,723.73 KB
/content/drive/MyDrive/ego4d_data/v2/omnivore_video_swinl_fp16/f22115b5-b9be-4e30-8576-7c1fcecec480.pt,File,2.92 MB
/content/drive/MyDrive/ego4d_data/v2/omnivore_video_swinl_fp16/a2b38cad-b708-4956-8d37-0b8f474c75f5.pt,File,26.00 MB
/content/drive/MyDrive/ego4d_data/v2/omnivore_video_swinl_fp16/26a56478-0c95-49b7-bb5e-1caef7750633.pt,File,5.26 MB
/content/drive/MyDrive/ego4d_data/v2/omnivore_video_swinl_fp16/5a56333c-604c-4589-80ec-541b4d7d2164.pt,File,9.82 MB
/content/drive/MyDrive/ego4d_data/v2/omnivore_video_swinl_fp16/937ce95b-1fd0-4a2b-a9ed-8f9359dd38f1.pt,File,22.48 MB
/content/drive/MyDrive/ego4d_data/v2/omnivore_video_swinl_fp16/87e3ea8a-ea85-45ff-a5ef-8a9ac28cc221.pt,File,3.75 MB
/content/drive/MyDrive/ego4d_data/v2/omnivore_video_swinl_fp16/1bc1f5e9-9d74-4a07-9d1b-39e5410436b6.pt,File,2.37 MB
/content/drive/MyDrive/ego4d_data/v2/omnivore_video_swinl_fp16/ddc4e9ed-97bc-4df8-ad63-b23f616c7cb0.pt,File,504.73 KB
/content/drive/MyDrive/ego4d_data/v2/omnivore_video_swinl_fp16/c90bbb3a-88a1-48d0-902e-84041df6ca23.pt,File,21.40 MB
/content/drive/MyDrive/ego4d_data/v2/omnivore_video_swinl_fp16/54843f87-c3c1-40a3-910e-5e72540995d5.pt,File,11.23 MB
/content/drive/MyDrive/ego4d_data/v2/omnivore_video_swinl_fp16/1b782473-f0cd-4717-b127-b1b0995cd51b.pt,File,4.58 MB
/content/drive/MyDrive/ego4d_data/v2/omnivore_video_swinl_fp16/5c2e910c-84e0-4042-b5d6-880a731c3e67.pt,File,720.73 KB
/content/drive/MyDrive/ego4d_data/v2/omnivore_video_swinl_fp16/d4f2eac6-6e00-49fc-9be6-b9e3ebd1ca85.pt,File,5.72 MB
/content/drive/MyDrive/ego4d_data/v2/omnivore_video_swinl_fp16/8af2ed7d-4435-40ce-b3cc-685f28bfcb2d.pt,File,6.89 MB
/content/drive/MyDrive/ego4d_data/v2/omnivore_video_swinl_fp16/45219b12-3546-49ff-915a-e802739190c0.pt,File,2.67 MB
/content/drive/MyDrive/ego4d_data/v2/omnivore_video_swinl_fp16/e4d551ac-f6c0-4494-aa9f-286f1a6757c7.pt,File,129.73 KB
/content/drive/MyDrive/ego4d_data/v2/omnivore_video_swinl_fp16/beddfafb-b749-40a6-ac7e-fda120521274.pt,File,867.73 KB
/content/drive/MyDrive/ego4d_data/v2/omnivore_video_swinl_fp16/a4b2fae6-df69-4112-8c4f-1d9cdcaf1f6f.pt,File,108.73 KB
/content/drive/MyDrive/ego4d_data/v2/omnivore_video_swinl_fp16/08d94a5d-7c4b-4b1c-af12-c1ceb53c51c8.pt,File,8.90 MB
/content/drive/MyDrive/ego4d_data/v2/omnivore_video_swinl_fp16/3a441dbe-7d0e-4781-8fbb-d47342735581.pt,File,23.25 MB
/content/drive/MyDrive/ego4d_data/v2/omnivore_video_swinl_fp16/5570f41c-4521-4d20-bc90-6b361f7bcff2.pt,File,1.40 MB
/content/drive/MyDrive/ego4d_data/v2/omnivore_video_swinl_fp16/b6b4f7a1-f3ec-425c-93eb-acc931acb2b5.pt,File,7.06 MB
/content/drive/MyDrive/ego4d_data/v2/omnivore_video_swinl_fp16/f786bdd6-2d59-432d-8c2e-84482e2032c5.pt,File,34.87 MB
/content/drive/MyDrive/ego4d_data/v2/omnivore_video_swinl_fp16/e54b0e18-5dcd-4b58-9fbc-9c757cc5b7ec.pt,File,4.44 MB
/content/drive/MyDrive/ego4d_data/v2/omnivore_video_swinl_fp16/c6e14005-854e-462f-a5a0-2474b759b1cc.pt,File,2.26 MB
/content/drive/MyDrive/ego4d_data/v2/omnivore_video_swinl_fp16/5991c3ba-86a4-46d0-be04-966d1f681b4d.pt,File,525.73 KB
/content/drive/MyDrive/ego4d_data/v2/omnivore_video_swinl_fp16/26202090-684d-4be8-b3cc-de04da827e91.pt,File,17.18 MB
/content/drive/MyDrive/ego4d_data/v2/omnivore_video_swinl_fp16/1ac1830b-b98b-40ee-b1a7-b497c84e6e9f.pt,File,2.34 MB
/content/drive/MyDrive/ego4d_data/v2/omnivore_video_swinl_fp16/fdcdf464-a350-452d-9741-f6725e138192.pt,File,2.56 MB
/content/drive/MyDrive/ego4d_data/v2/omnivore_video_swinl_fp16/406dd4ef-ac1e-48cc-be05-40dab5979549.pt,File,9.97 MB
/content/drive/MyDrive/ego4d_data/v2/omnivore_video_swinl_fp16/d94854b6-3469-4c9c-8d2b-aa9019010a11.pt,File,11.65 MB
/content/drive/MyDrive/ego4d_data/v2/omnivore_video_swinl_fp16/192e4b6b-cbc0-4b6f-995d-fbe11df9044e.pt,File,258.73 KB
/content/drive/MyDrive/ego4d_data/v2/omnivore_video_swinl_fp16/2217be49-1bfa-4507-87ff-255f2392c002.pt,File,2.92 MB
/content/drive/MyDrive/ego4d_data/v2/omnivore_video_swinl_fp16/aa37b427-5980-4bf5-be29-87bdb2e60154.pt,File,3.74 MB
/content/drive/MyDrive/ego4d_data/v2/omnivore_video_swinl_fp16/a0fb1c27-47d1-442b-825e-3912fef3222a.pt,File,11.33 MB
/content/drive/MyDrive/ego4d_data/v2/omnivore_video_swinl_fp16/2dbdd409-0be0-447c-8ae8-3f107fe9af80.pt,File,10.29 MB
/content/drive/MyDrive/ego4d_data/v2/omnivore_video_swinl_fp16/a1165782-5a0a-45d6-a36e-2c3ea9b48a9a.pt,File,12.20 MB
/content/drive/MyDrive/ego4d_data/v2/omnivore_video_swinl_fp16/898b2af7-1074-4716-a104-b1f48d25cb2f.pt,File,909.73 KB
/content/drive/MyDrive/ego4d_data/v2/omnivore_video_swinl_fp16/682aedeb-0c6e-4050-b5a9-5be7f5a479f1.pt,File,11.83 MB
/content/drive/MyDrive/ego4d_data/v2/omnivore_video_swinl_fp16/c7d5f591-9861-44ac-a30d-3f996f3141f9.pt,File,1.33 MB
/content/drive/MyDrive/ego4d_data/v2/omnivore_video_swinl_fp16/13b99328-83c3-46ac-bf83-43cba4473489.pt,File,1.23 MB
/content/drive/MyDrive/ego4d_data/v2/omnivore_video_swinl_fp16/c25cf5e2-8201-40bf-8aa5-7099d4b956f2.pt,File,10.47 MB
/content/drive/MyDrive/ego4d_data/v2/omnivore_video_swinl_fp16/63b9e64a-60ae-4d86-81fa-2253776cc8e9.pt,File,4.27 MB
/content/drive/MyDrive/ego4d_data/v2/omnivore_video_swinl_fp16/b1ed4c5e-d6a1-4e6e-bf70-9a718078ff49.pt,File,6.43 MB
/content/drive/MyDrive/ego4d_data/v2/omnivore_video_swinl_fp16/139b62bf-aac2-4bbc-a083-f3fd682b7600.pt,File,399.73 KB
/content/drive/MyDrive/ego4d_data/v2/omnivore_video_swinl_fp16/d72003de-42f9-4e11-b06a-8321b8662ca6.pt,File,3.82 MB
/content/drive/MyDrive/ego4d_data/v2/omnivore_video_swinl_fp16/f8514af9-61ce-49d9-9628-fbc0bcc736f9.pt,File,7.70 MB
/content/drive/MyDrive/ego4d_data/v2/omnivore_video_swinl_fp16/150c7fa0-941b-4565-aff6-e83c7b6daf31.pt,File,14.83 MB
/content/drive/MyDrive/ego4d_data/v2/omnivore_video_swinl_fp16/4b63760e-3016-4a13-ad93-c9487a433a4c.pt,File,8.80 MB
/content/drive/MyDrive/ego4d_data/v2/omnivore_video_swinl_fp16/c2b3e7ea-fbeb-4491-b5bc-d0dd723496f7.pt,File,13.29 MB
/content/drive/MyDrive/ego4d_data/v2/omnivore_video_swinl_fp16/fc9824ed-63c1-4844-a80a-2c223d4ff7c1.pt,File,13.78 MB
/content/drive/MyDrive/ego4d_data/v2/omnivore_video_swinl_fp16/8cf7f552-c1df-4482-8c0d-db17d098bf02.pt,File,258.73 KB
/content/drive/MyDrive/ego4d_data/v2/omnivore_video_swinl_fp16/74d05939-ec8d-4da5-9a6f-35a0b97e22e2.pt,File,1.28 MB
/content/drive/MyDrive/ego4d_data/v2/omnivore_video_swinl_fp16/380de10c-99d3-4270-b908-6765c388a116.pt,File,4.31 MB
/content/drive/MyDrive/ego4d_data/v2/omnivore_video_swinl_fp16/c6dc5f11-8fe0-46cf-a5d0-0a12fb84215e.pt,File,13.58 MB
/content/drive/MyDrive/ego4d_data/v2/omnivore_video_swinl_fp16/ec8eb536-e142-4628-9b87-4df3fd403f91.pt,File,5.61 MB
/content/drive/MyDrive/ego4d_data/v2/omnivore_video_swinl_fp16/8bcd5b11-283d-41f9-9b34-8f70b75c2de9.pt,File,165.73 KB
/content/drive/MyDrive/ego4d_data/v2/omnivore_video_swinl_fp16/f1095f1e-1008-4692-a2c3-bf7dcac67701.pt,File,1.19 MB
/content/drive/MyDrive/ego4d_data/v2/omnivore_video_swinl_fp16/2967f13e-d2af-4154-b593-d38d61e223d7.pt,File,13.63 MB
/content/drive/MyDrive/ego4d_data/v2/omnivore_video_swinl_fp16/282c73cf-c710-442d-98fb-3f5a6f4265c2.pt,File,5.76 MB
/content/drive/MyDrive/ego4d_data/v2/omnivore_video_swinl_fp16/e58a1cd6-cf82-4477-b8a3-8f749ebceffe.pt,File,10.47 MB
/content/drive/MyDrive/ego4d_data/v2/omnivore_video_swinl_fp16/239e6608-8c7c-4643-9a64-edc7f3da0e8e.pt,File,264.73 KB
/content/drive/MyDrive/ego4d_data/v2/omnivore_video_swinl_fp16/763509f4-203d-4e4b-bb42-67eb9839874b.pt,File,2.70 MB
/content/drive/MyDrive/ego4d_data/v2/omnivore_video_swinl_fp16/847515e4-e3ca-403e-826d-91e9442ddee3.pt,File,348.73 KB
/content/drive/MyDrive/ego4d_data/v2/omnivore_video_swinl_fp16/1a3b59d0-cdb0-4d94-b16b-227e68ade632.pt,File,2.92 MB
/content/drive/MyDrive/ego4d_data/v2/omnivore_video_swinl_fp16/5a578256-a7ac-4c36-87be-d77e6f743aee.pt,File,8.12 MB
/content/drive/MyDrive/ego4d_data/v2/omnivore_video_swinl_fp16/2d8e9dad-9b5a-4d0a-b749-591121c8f84b.pt,File,5.19 MB
/content/drive/MyDrive/ego4d_data/v2/omnivore_video_swinl_fp16/fd0530f4-93da-450c-8e6e-98bc16803e45.pt,File,9.88 MB
/content/drive/MyDrive/ego4d_data/v2/omnivore_video_swinl_fp16/ed1e7c2d-970b-4773-b945-1df0061b677d.pt,File,5.29 MB
/content/drive/MyDrive/ego4d_data/v2/omnivore_video_swinl_fp16/7ee54372-b950-47fc-915c-f700d4a72af8.pt,File,29.68 MB
/content/drive/MyDrive/ego4d_data/v2/omnivore_video_swinl_fp16/ff5beacb-d664-4865-97f7-da85bee16872.pt,File,1.05 MB
/content/drive/MyDrive/ego4d_data/v2/omnivore_video_swinl_fp16/b68f87f0-29be-4516-a34a-dda69dd84a56.pt,File,5.54 MB
/content/drive/MyDrive/ego4d_data/v2/omnivore_video_swinl_fp16/722811b1-93f9-4790-b3ae-b9ae8142a718.pt,File,7.64 MB
/content/drive/MyDrive/ego4d_data/v2/omnivore_video_swinl_fp16/70d5b21a-832a-4f4d-af82-807731a08ece.pt,File,10.08 MB
/content/drive/MyDrive/ego4d_data/v2/omnivore_video_swinl_fp16/79001765-abc6-439b-a987-367dd4d1d5f6.pt,File,1.40 MB
/content/drive/MyDrive/ego4d_data/v2/omnivore_video_swinl_fp16/73352b80-a094-4a98-8e5f-9708c266749e.pt,File,8.46 MB
/content/drive/MyDrive/ego4d_data/v2/omnivore_video_swinl_fp16/577a114d-e2d1-4ca2-b739-8a008ef22b66.pt,File,11.62 MB
/content/drive/MyDrive/ego4d_data/v2/omnivore_video_swinl_fp16/3e63e11a-44f6-4094-9010-e549c60e155d.pt,File,2.35 MB
/content/drive/MyDrive/ego4d_data/v2/omnivore_video_swinl_fp16/9b4f4427-bf75-4d57-aaa5-31fcc4502c2c.pt,File,1.06 MB
/content/drive/MyDrive/ego4d_data/v2/omnivore_video_swinl_fp16/d731d55b-a67c-498e-9016-2758185a2553.pt,File,1.76 MB
/content/drive/MyDrive/ego4d_data/v2/omnivore_video_swinl_fp16/61f0a3d8-01f9-4149-bd0c-c31ad5d319ed.pt,File,3.35 MB
/content/drive/MyDrive/ego4d_data/v2/omnivore_video_swinl_fp16/0ddfd541-8b2a-45fe-b68e-bcea0d7d03b8.pt,File,9.76 MB
/content/drive/MyDrive/ego4d_data/v2/omnivore_video_swinl_fp16/df630387-82c6-4c90-95e8-6ba558c907a2.pt,File,1.49 MB
/content/drive/MyDrive/ego4d_data/v2/omnivore_video_swinl_fp16/a724d611-35fa-498b-af1f-bb0955622242.pt,File,1.91 MB
/content/drive/MyDrive/ego4d_data/v2/omnivore_video_swinl_fp16/c304122d-0f0a-4c6a-a5b4-63f8b7aed69c.pt,File,342.73 KB
/content/drive/MyDrive/ego4d_data/v2/omnivore_video_swinl_fp16/26ed1dd8-c21e-4c0a-95a5-6ff2999e4a85.pt,File,699.73 KB
/content/drive/MyDrive/ego4d_data/v2/omnivore_video_swinl_fp16/0c192ca8-1ede-4ef0-a05e-2f4151b6bdfc.pt,File,1.55 MB
/content/drive/MyDrive/ego4d_data/v2/omnivore_video_swinl_fp16/b2f87dfc-7da6-443a-b2f5-8630f9f9560c.pt,File,9.68 MB
/content/drive/MyDrive/ego4d_data/v2/omnivore_video_swinl_fp16/cf9b2219-bdea-4a91-a56d-02c028547400.pt,File,2.33 MB
/content/drive/MyDrive/ego4d_data/v2/omnivore_video_swinl_fp16/0a76a002-ec78-4f91-b4b1-0c9f4a9ab8e5.pt,File,27.10 MB
/content/drive/MyDrive/ego4d_data/v2/omnivore_video_swinl_fp16/4ac59908-3f13-4085-9479-7348b13803ee.pt,File,5.07 MB
/content/drive/MyDrive/ego4d_data/v2/omnivore_video_swinl_fp16/d362ba00-301d-4e88-8786-c4da2684e62e.pt,File,3.75 MB
/content/drive/MyDrive/ego4d_data/v2/omnivore_video_swinl_fp16/1b204c9b-30da-47cc-b793-8813169e72c7.pt,File,9.31 MB
/content/drive/MyDrive/ego4d_data/v2/omnivore_video_swinl_fp16/42e4a840-68a1-4992-923d-7452500b4218.pt,File,17.52 MB
/content/drive/MyDrive/ego4d_data/v2/omnivore_video_swinl_fp16/14177ca9-924f-4e68-b218-6009dbddc7cc.pt,File,2.73 MB
/content/drive/MyDrive/ego4d_data/v2/omnivore_video_swinl_fp16/25153242-d4ef-4ae2-b414-310bd5478306.pt,File,390.73 KB
/content/drive/MyDrive/ego4d_data/v2/omnivore_video_swinl_fp16/c7b2d096-4981-42bf-b85b-a437e52252ca.pt,File,546.73 KB
/content/drive/MyDrive/ego4d_data/v2/omnivore_video_swinl_fp16/3d8f5230-0c22-4018-86b0-e6d851b74b11.pt,File,6.03 MB
/content/drive/MyDrive/ego4d_data/v2/omnivore_video_swinl_fp16/386013e0-6a53-45f6-a840-3d12dda4c4a8.pt,File,6.29 MB
/content/drive/MyDrive/ego4d_data/v2/omnivore_video_swinl_fp16/af2bbd78-1898-4744-aa62-4feea65cc825.pt,File,11.18 MB
/content/drive/MyDrive/ego4d_data/v2/omnivore_video_swinl_fp16/22879658-f5c5-4cf4-859a-5395850413d4.pt,File,5.74 MB
/content/drive/MyDrive/ego4d_data/v2/omnivore_video_swinl_fp16/c431062e-857c-4e9f-ad5c-94f925acc822.pt,File,5.92 MB
/content/drive/MyDrive/ego4d_data/v2/omnivore_video_swinl_fp16/14a05360-fcc4-4bf6-97d3-2d77bc282c84.pt,File,4.37 MB
/content/drive/MyDrive/ego4d_data/v2/omnivore_video_swinl_fp16/4aeb7f3c-855a-4c66-b3d9-02b0eb963883.pt,File,2.61 MB
/content/drive/MyDrive/ego4d_data/v2/omnivore_video_swinl_fp16/ccbc0c8d-f31e-46ca-af7b-872c35550457.pt,File,8.12 MB
/content/drive/MyDrive/ego4d_data/v2/omnivore_video_swinl_fp16/526d389b-a187-4c63-a5c6-c36bd66266b6.pt,File,5.23 MB
/content/drive/MyDrive/ego4d_data/v2/omnivore_video_swinl_fp16/826e419a-8788-484f-9543-550964666762.pt,File,15.39 MB
/content/drive/MyDrive/ego4d_data/v2/omnivore_video_swinl_fp16/09c98c4f-dc2a-429b-8afa-624211cd4bfd.pt,File,3.64 MB
/content/drive/MyDrive/ego4d_data/v2/omnivore_video_swinl_fp16/be3c4d6b-4d55-493c-9f5a-d93a168b6b0b.pt,File,9.76 MB
/content/drive/MyDrive/ego4d_data/v2/omnivore_video_swinl_fp16/8a489210-cca4-439d-90a9-8e0ca40c027c.pt,File,2.68 MB
/content/drive/MyDrive/ego4d_data/v2/omnivore_video_swinl_fp16/822e24f5-b703-49f6-8695-f0a9bca2ca48.pt,File,2.63 MB
/content/drive/MyDrive/ego4d_data/v2/omnivore_video_swinl_fp16/5561b2db-34ca-4ec5-b21e-4cc3330a2a9d.pt,File,11.52 MB
/content/drive/MyDrive/ego4d_data/v2/omnivore_video_swinl_fp16/d41f3a00-ef34-4405-90f9-1dece0ecd129.pt,File,855.73 KB
/content/drive/MyDrive/ego4d_data/v2/omnivore_video_swinl_fp16/0a02a1ed-a327-4753-b270-e95298984b96.pt,File,9.40 MB
/content/drive/MyDrive/ego4d_data/v2/omnivore_video_swinl_fp16/d82e30aa-42fe-4f5c-a0b4-81ea66c5edf7.pt,File,17.44 MB
/content/drive/MyDrive/ego4d_data/v2/omnivore_video_swinl_fp16/f2a257e6-01da-4856-b145-2947ce5dcb0e.pt,File,3.34 MB
/content/drive/MyDrive/ego4d_data/v2/omnivore_video_swinl_fp16/bf843ad3-fad5-4bc5-b74c-0ee9dafe9c40.pt,File,5.76 MB
/content/drive/MyDrive/ego4d_data/v2/omnivore_video_swinl_fp16/05f672ea-1651-4767-9c8a-0f504805e9c7.pt,File,4.32 MB
/content/drive/MyDrive/ego4d_data/v2/omnivore_video_swinl_fp16/af4828ab-2ff7-4935-87e0-08881989f178.pt,File,2.59 MB
/content/drive/MyDrive/ego4d_data/v2/omnivore_video_swinl_fp16/1ab9d5f7-0181-458e-a5e7-72ce87501f3e.pt,File,3.14 MB
/content/drive/MyDrive/ego4d_data/v2/omnivore_video_swinl_fp16/6b1638b7-db47-44ca-adb7-293e65006856.pt,File,5.03 MB
/content/drive/MyDrive/ego4d_data/v2/omnivore_video_swinl_fp16/c80584bf-4405-45e8-9e8b-4818b15b0ca1.pt,File,3.74 MB
/content/drive/MyDrive/ego4d_data/v2/omnivore_video_swinl_fp16/130e4f24-c55c-4d09-a1fc-7d9198ae1030.pt,File,3.08 MB
/content/drive/MyDrive/ego4d_data/v2/omnivore_video_swinl_fp16/8532e114-f8e4-42b5-987b-fcf0ebb32bf5.pt,File,5.95 MB
/content/drive/MyDrive/ego4d_data/v2/omnivore_video_swinl_fp16/c8f8ebf1-5613-4f4a-802c-ada5e4c4b651.pt,File,2.92 MB
/content/drive/MyDrive/ego4d_data/v2/omnivore_video_swinl_fp16/c957ff4a-780f-4219-a32f-cd8db7fed87b.pt,File,6.19 MB
/content/drive/MyDrive/ego4d_data/v2/omnivore_video_swinl_fp16/df01a6a0-2404-4a91-bd95-1ca04a4bcb05.pt,File,5.27 MB
/content/drive/MyDrive/ego4d_data/v2/omnivore_video_swinl_fp16/c7b23a8c-1e33-476c-90e5-29861797159e.pt,File,13.89 MB
/content/drive/MyDrive/ego4d_data/v2/omnivore_video_swinl_fp16/424d302f-9765-4f7a-9945-366d4f789136.pt,File,2.06 MB
/content/drive/MyDrive/ego4d_data/v2/omnivore_video_swinl_fp16/ba11fcda-0048-4440-a7e8-fd15d1661a27.pt,File,1.25 MB
/content/drive/MyDrive/ego4d_data/v2/omnivore_video_swinl_fp16/ac205f91-8511-4772-b0a3-6c6e1ec0925a.pt,File,2.52 MB
/content/drive/MyDrive/ego4d_data/v2/omnivore_video_swinl_fp16/23a1b043-771f-4769-916a-34163f2ea2ef.pt,File,3.04 MB
/content/drive/MyDrive/ego4d_data/v2/omnivore_video_swinl_fp16/81be6ac3-8fe1-49c1-849f-06aebada2849.pt,File,2.39 MB
/content/drive/MyDrive/ego4d_data/v2/omnivore_video_swinl_fp16/9da4b8a6-d09f-433e-ab23-96032e2b7aa7.pt,File,738.73 KB
/content/drive/MyDrive/ego4d_data/v2/omnivore_video_swinl_fp16/5c3be03c-07a5-4427-a2fe-449f16e8017b.pt,File,4.36 MB
/content/drive/MyDrive/ego4d_data/v2/omnivore_video_swinl_fp16/2b8e6ff1-7253-4850-bb44-5b4349f18a62.pt,File,579.73 KB
/content/drive/MyDrive/ego4d_data/v2/omnivore_video_swinl_fp16/b65f4313-9e42-422e-87fe-b7bdb91cd56c.pt,File,5.34 MB
/content/drive/MyDrive/ego4d_data/v2/omnivore_video_swinl_fp16/51224e32-3d6c-4148-9eea-7b73da751f25.pt,File,2.92 MB
/content/drive/MyDrive/ego4d_data/v2/omnivore_video_swinl_fp16/dfdfde56-5e0f-4e8f-aa5b-73fae9336086.pt,File,6.55 MB
/content/drive/MyDrive/ego4d_data/v2/omnivore_video_swinl_fp16/6d9f116a-3602-480b-a635-f7109250c8aa.pt,File,8.19 MB
/content/drive/MyDrive/ego4d_data/v2/omnivore_video_swinl_fp16/d8c894ab-7b08-4983-9e80-fdb5d6ee0202.pt,File,27.81 MB
/content/drive/MyDrive/ego4d_data/v2/omnivore_video_swinl_fp16/81aaf910-e32a-46f0-a1e9-a45fe5e19e25.pt,File,138.73 KB
/content/drive/MyDrive/ego4d_data/v2/omnivore_video_swinl_fp16/3be1075c-d217-4dfa-9931-0519acdabf88.pt,File,9.84 MB
/content/drive/MyDrive/ego4d_data/v2/omnivore_video_swinl_fp16/c939aae4-e7c8-453c-8671-40573db0c656.pt,File,17.44 MB
/content/drive/MyDrive/ego4d_data/v2/omnivore_video_swinl_fp16/204d459b-5204-49e0-addb-bba576dc3686.pt,File,14.94 MB
/content/drive/MyDrive/ego4d_data/v2/omnivore_video_swinl_fp16/22852eb5-c456-47f1-9aec-2643c5950b8b.pt,File,34.87 MB
/content/drive/MyDrive/ego4d_data/v2/omnivore_video_swinl_fp16/ece0aedb-c857-4cbc-aa62-bf3c0ad69b9b.pt,File,2.76 MB
/content/drive/MyDrive/ego4d_data/v2/omnivore_video_swinl_fp16/66fc3efa-aa5a-4bf4-b2ad-dd3860818cc4.pt,File,2.03 MB
/content/drive/MyDrive/ego4d_data/v2/omnivore_video_swinl_fp16/80111886-6bab-4b16-aac6-1dfa42357d8b.pt,File,4.13 MB
/content/drive/MyDrive/ego4d_data/v2/omnivore_video_swinl_fp16/ceea3a90-8339-4512-8ae2-0da5f1ee6bff.pt,File,1.15 MB
/content/drive/MyDrive/ego4d_data/v2/omnivore_video_swinl_fp16/e9725499-415a-490c-a1c7-6089030c958a.pt,File,14.14 MB
/content/drive/MyDrive/ego4d_data/v2/omnivore_video_swinl_fp16/4066339d-b061-4550-a8fa-988fc4861714.pt,File,3.81 MB
/content/drive/MyDrive/ego4d_data/v2/omnivore_video_swinl_fp16/3558a7e6-5c41-4035-b6cd-954311d2862c.pt,File,813.73 KB
/content/drive/MyDrive/ego4d_data/v2/omnivore_video_swinl_fp16/3bbf723b-6893-42fc-bd59-3c59f3eb9745.pt,File,4.99 MB
/content/drive/MyDrive/ego4d_data/v2/omnivore_video_swinl_fp16/4f11d6b8-1f78-4d99-9b34-7b89bc007b25.pt,File,11.56 MB
/content/drive/MyDrive/ego4d_data/v2/omnivore_video_swinl_fp16/8dcd4544-1280-41ec-b7e9-7a5684052d43.pt,File,3.37 MB
/content/drive/MyDrive/ego4d_data/v2/omnivore_video_swinl_fp16/d2de811c-9255-4c4f-8a54-a2fc65527f59.pt,File,7.67 MB
/content/drive/MyDrive/ego4d_data/v2/omnivore_video_swinl_fp16/d1f59fb1-5f81-4bd4-b3f1-81d69ab71ef6.pt,File,5.84 MB
/content/drive/MyDrive/ego4d_data/v2/omnivore_video_swinl_fp16/dc382b28-2f31-4276-b972-0b7dea9ebaad.pt,File,735.73 KB
/content/drive/MyDrive/ego4d_data/v2/omnivore_video_swinl_fp16/473d22ab-824e-4d9a-8bc0-924d499694d0.pt,File,99.73 KB
/content/drive/MyDrive/ego4d_data/v2/omnivore_video_swinl_fp16/ffd863cb-f06b-404e-a013-54acb61f1ed9.pt,File,3.89 MB
/content/drive/MyDrive/ego4d_data/v2/omnivore_video_swinl_fp16/4f52acb9-9f42-4424-a4ac-2d3bc8fd5a5f.pt,File,10.81 MB
/content/drive/MyDrive/ego4d_data/v2/omnivore_video_swinl_fp16/0d06eef8-db05-441e-b8bd-9087d4279ed5.pt,File,3.73 MB
/content/drive/MyDrive/ego4d_data/v2/omnivore_video_swinl_fp16/d38dad44-e3ef-43f0-8613-832757458348.pt,File,4.05 MB
/content/drive/MyDrive/ego4d_data/v2/omnivore_video_swinl_fp16/28313dbe-ad68-43cb-bb72-602d5600d15a.pt,File,4.17 MB
/content/drive/MyDrive/ego4d_data/v2/omnivore_video_swinl_fp16/0c09032d-2139-41fe-8f76-21f33bbebf31.pt,File,5.84 MB
/content/drive/MyDrive/ego4d_data/v2/omnivore_video_swinl_fp16/ceeb75e8-ee95-4a5f-8ec0-e2a6fcb4d080.pt,File,5.00 MB
/content/drive/MyDrive/ego4d_data/v2/omnivore_video_swinl_fp16/1da50887-dd33-4644-9377-1bf855b86ffd.pt,File,2.92 MB
/content/drive/MyDrive/ego4d_data/v2/omnivore_video_swinl_fp16/44327c5e-9442-4334-b675-8019df3678af.pt,File,18.66 MB
/content/drive/MyDrive/ego4d_data/v2/omnivore_video_swinl_fp16/73803873-303f-484c-b647-0b6dd8f6c1c3.pt,File,7.77 MB
/content/drive/MyDrive/ego4d_data/v2/omnivore_video_swinl_fp16/9423d805-13a8-4281-bd68-ed4a3b0c449c.pt,File,7.71 MB
/content/drive/MyDrive/ego4d_data/v2/omnivore_video_swinl_fp16/ab23f96e-d41f-411f-9923-c6d7ed0c0eb7.pt,File,2.51 MB
/content/drive/MyDrive/ego4d_data/v2/omnivore_video_swinl_fp16/a80515ff-59ca-4d48-8769-94ca8d588973.pt,File,348.73 KB
/content/drive/MyDrive/ego4d_data/v2/omnivore_video_swinl_fp16/6b784dfc-eb28-4efd-a71f-faa546259f5c.pt,File,10.70 MB
/content/drive/MyDrive/ego4d_data/v2/omnivore_video_swinl_fp16/744c58f8-9a76-40d4-838f-8c7676fcb316.pt,File,5.56 MB
/content/drive/MyDrive/ego4d_data/v2/omnivore_video_swinl_fp16/558a082a-fcae-4cae-bcfc-5f69be53e497.pt,File,417.73 KB
/content/drive/MyDrive/ego4d_data/v2/omnivore_video_swinl_fp16/dc306087-4841-4ae3-9136-0dc45716bb9b.pt,File,9.01 MB
/content/drive/MyDrive/ego4d_data/v2/omnivore_video_swinl_fp16/891b4e61-3d8f-4854-9d59-7e5949b3af7b.pt,File,12.02 MB
/content/drive/MyDrive/ego4d_data/v2/omnivore_video_swinl_fp16/3dc2e9fc-16b0-44ad-b50b-3bb5bb099d60.pt,File,1.23 MB
/content/drive/MyDrive/ego4d_data/v2/omnivore_video_swinl_fp16/b493e8e3-4e18-4480-8e63-c21e25bf99f7.pt,File,447.73 KB
/content/drive/MyDrive/ego4d_data/v2/omnivore_video_swinl_fp16/4453ce6d-e2f9-45eb-8694-daf9057daacf.pt,File,1.32 MB
/content/drive/MyDrive/ego4d_data/v2/omnivore_video_swinl_fp16/fe6d1a78-c9bd-4570-8cce-0b9fccd219b9.pt,File,9.87 MB
/content/drive/MyDrive/ego4d_data/v2/omnivore_video_swinl_fp16/a7bffd05-bb79-45cd-8bd1-8c30c5553ddf.pt,File,3.60 MB
/content/drive/MyDrive/ego4d_data/v2/omnivore_video_swinl_fp16/8fdc8697-27a3-4a1f-b4a0-fde63d4cfd48.pt,File,3.13 MB
/content/drive/MyDrive/ego4d_data/v2/omnivore_video_swinl_fp16/879c0eae-cc23-4dea-8b42-95ffe8e173d1.pt,File,294.73 KB
/content/drive/MyDrive/ego4d_data/v2/omnivore_video_swinl_fp16/a0d770d9-82d2-4760-b4ca-f3e52b5162cd.pt,File,5.26 MB
/content/drive/MyDrive/ego4d_data/v2/omnivore_video_swinl_fp16/dc615634-8536-45be-a98f-45b76252bfa3.pt,File,4.61 MB
/content/drive/MyDrive/ego4d_data/v2/omnivore_video_swinl_fp16/568e964d-455e-42f2-a764-3f2c6d75157c.pt,File,3.09 MB
/content/drive/MyDrive/ego4d_data/v2/omnivore_video_swinl_fp16/d0b0a1c5-d1a5-4cdb-8f15-c12d3c57cc24.pt,File,2.90 MB
/content/drive/MyDrive/ego4d_data/v2/omnivore_video_swinl_fp16/45e463b2-bdd5-407a-ab5c-8a5c5534e078.pt,File,1.25 MB
/content/drive/MyDrive/ego4d_data/v2/omnivore_video_swinl_fp16/32287654-7f5b-4d24-bdb0-5f0ceb6dfd24.pt,File,5.13 MB
/content/drive/MyDrive/ego4d_data/v2/omnivore_video_swinl_fp16/543ac6fc-9f77-4cdd-b7fe-6721cb037916.pt,File,1.59 MB
/content/drive/MyDrive/ego4d_data/v2/omnivore_video_swinl_fp16/057670b3-f243-416c-b41b-82d309fd2b88.pt,File,2.01 MB
/content/drive/MyDrive/ego4d_data/v2/omnivore_video_swinl_fp16/d9eb1ae4-acee-457e-a0bf-b0e49b4576ce.pt,File,6.29 MB
/content/drive/MyDrive/ego4d_data/v2/omnivore_video_swinl_fp16/14f223fb-e812-49b6-9758-5b312df21d5c.pt,File,840.73 KB
/content/drive/MyDrive/ego4d_data/v2/omnivore_video_swinl_fp16/94797ff8-a780-4f2b-8e0b-0242f8ffee19.pt,File,11.68 MB
/content/drive/MyDrive/ego4d_data/v2/omnivore_video_swinl_fp16/479c4b6d-f278-40eb-9a7c-a193ff0d4bac.pt,File,294.73 KB
/content/drive/MyDrive/ego4d_data/v2/omnivore_video_swinl_fp16/5af8e5f9-2a28-485c-9604-6f5f9f290c82.pt,File,24.12 MB
/content/drive/MyDrive/ego4d_data/v2/omnivore_video_swinl_fp16/89fb42b8-a974-4c62-b5da-478f290d32c1.pt,File,4.44 MB
/content/drive/MyDrive/ego4d_data/v2/omnivore_video_swinl_fp16/d680fc86-1484-4f8d-9a5b-90fc4f473aee.pt,File,1.69 MB
/content/drive/MyDrive/ego4d_data/v2/omnivore_video_swinl_fp16/b5c16a18-63c4-4d06-87ba-88f0d8101012.pt,File,1.78 MB
/content/drive/MyDrive/ego4d_data/v2/omnivore_video_swinl_fp16/3b8a77f0-153c-4e93-82f9-ae2aa84596ed.pt,File,9.89 MB
/content/drive/MyDrive/ego4d_data/v2/omnivore_video_swinl_fp16/29e00040-6e0f-4f0e-816d-1ac97c1e5485.pt,File,16.36 MB
/content/drive/MyDrive/ego4d_data/v2/omnivore_video_swinl_fp16/dea0ae26-eef2-4065-95cd-90feb5e7121f.pt,File,7.77 MB
/content/drive/MyDrive/ego4d_data/v2/omnivore_video_swinl_fp16/3c7f716e-b3c3-4e9b-96a4-b5997a29a3e7.pt,File,10.69 MB
/content/drive/MyDrive/ego4d_data/v2/omnivore_video_swinl_fp16/f324ccbc-bef5-4d68-9722-cc99bdaaa660.pt,File,10.91 MB
/content/drive/MyDrive/ego4d_data/v2/omnivore_video_swinl_fp16/1beca23d-14f6-4145-9cfd-86f8a8b240e2.pt,File,4.78 MB
/content/drive/MyDrive/ego4d_data/v2/omnivore_video_swinl_fp16/3b4a581f-2de7-4089-a3aa-8a28cb920331.pt,File,3.75 MB
/content/drive/MyDrive/ego4d_data/v2/omnivore_video_swinl_fp16/e4ad6fd7-2e3e-4991-b392-a0056f702286.pt,File,21.26 MB
/content/drive/MyDrive/ego4d_data/v2/omnivore_video_swinl_fp16/408e2503-3c1e-46bb-b3d1-39c41a11d361.pt,File,846.73 KB
/content/drive/MyDrive/ego4d_data/v2/omnivore_video_swinl_fp16/078f6bad-aa22-48bf-9df2-4d2f6ba7b556.pt,File,3.22 MB
/content/drive/MyDrive/ego4d_data/v2/omnivore_video_swinl_fp16/8e23dc43-7025-4548-a2bd-0f7d85631602.pt,File,2.75 MB
/content/drive/MyDrive/ego4d_data/v2/omnivore_video_swinl_fp16/9ffdb530-718d-4898-aeba-1f7832a4c13b.pt,File,1.18 MB
/content/drive/MyDrive/ego4d_data/v2/omnivore_video_swinl_fp16/11ea0e12-7398-48d0-a674-1c66da3a55eb.pt,File,1.50 MB
/content/drive/MyDrive/ego4d_data/v2/omnivore_video_swinl_fp16/aa746a74-9e1b-49c6-9e27-f0c8d2f58642.pt,File,1.13 MB
/content/drive/MyDrive/ego4d_data/v2/omnivore_video_swinl_fp16/49559c6a-7419-42d6-811a-5a62c3d6ece8.pt,File,1.79 MB
/content/drive/MyDrive/ego4d_data/v2/omnivore_video_swinl_fp16/db9805e6-c9fc-46bb-b0a9-c4025721cff0.pt,File,4.06 MB
/content/drive/MyDrive/ego4d_data/v2/omnivore_video_swinl_fp16/55301af6-c76b-45ae-a7b0-0135f9b5c06e.pt,File,5.35 MB
/content/drive/MyDrive/ego4d_data/v2/omnivore_video_swinl_fp16/6199434f-409d-4ac8-8a8f-bb4048d45d9b.pt,File,15.16 MB
/content/drive/MyDrive/ego4d_data/v2/omnivore_video_swinl_fp16/7ba88d57-1d50-4fa0-973d-e2e064f13c88.pt,File,18.00 MB
/content/drive/MyDrive/ego4d_data/v2/omnivore_video_swinl_fp16/99a632bf-2f91-4e9a-9974-837dcf2a0fea.pt,File,6.45 MB
/content/drive/MyDrive/ego4d_data/v2/omnivore_video_swinl_fp16/6c8bc8b8-76d2-4f27-ab4b-c3f2d7e0a1a6.pt,File,342.73 KB
/content/drive/MyDrive/ego4d_data/v2/omnivore_video_swinl_fp16/5c172db2-eca2-4f9a-8963-b2111123fef2.pt,File,5.53 MB
/content/drive/MyDrive/ego4d_data/v2/omnivore_video_swinl_fp16/36248b1e-9ba7-4789-bbf5-b9e33e3ab408.pt,File,2.26 MB
/content/drive/MyDrive/ego4d_data/v2/omnivore_video_swinl_fp16/4220db3a-4708-4fd1-ab67-0ef1586906cd.pt,File,7.80 MB
/content/drive/MyDrive/ego4d_data/v2/omnivore_video_swinl_fp16/52d248bf-0d93-4418-a767-c4dd3cc2d668.pt,File,7.11 MB
/content/drive/MyDrive/ego4d_data/v2/omnivore_video_swinl_fp16/4252f2a4-4dd8-4b46-9e90-3b46dc49520c.pt,File,666.73 KB
/content/drive/MyDrive/ego4d_data/v2/omnivore_video_swinl_fp16/85c33c5b-b611-452e-afc4-fb9963206e38.pt,File,2.26 MB
/content/drive/MyDrive/ego4d_data/v2/omnivore_video_swinl_fp16/ec469668-19d7-4120-b97f-fcaa79d35215.pt,File,1.26 MB
/content/drive/MyDrive/ego4d_data/v2/omnivore_video_swinl_fp16/24b995e8-9150-43be-953c-f96959c151b5.pt,File,1.39 MB
/content/drive/MyDrive/ego4d_data/v2/omnivore_video_swinl_fp16/7bbebd35-f550-436f-92ac-02307a9fe138.pt,File,1.59 MB
/content/drive/MyDrive/ego4d_data/v2/omnivore_video_swinl_fp16/bb3b126d-b4bd-4a9e-a6a6-9201f5bb00db.pt,File,423.73 KB
/content/drive/MyDrive/ego4d_data/v2/omnivore_video_swinl_fp16/d66f42bb-822b-444a-bce0-ddd15b29bd1b.pt,File,1.17 MB
/content/drive/MyDrive/ego4d_data/v2/omnivore_video_swinl_fp16/2dd04abb-859f-4121-9eeb-4db511b54c7b.pt,File,993.73 KB
/content/drive/MyDrive/ego4d_data/v2/omnivore_video_swinl_fp16/6362c66e-473f-4a09-a736-6425165aa63d.pt,File,594.73 KB
/content/drive/MyDrive/ego4d_data/v2/omnivore_video_swinl_fp16/c9932108-4869-4de7-999c-a5b6291b1d6c.pt,File,8.44 MB
/content/drive/MyDrive/ego4d_data/v2/omnivore_video_swinl_fp16/5ea2f8d5-93cc-4512-88de-b288b5bc07f4.pt,File,8.73 MB
/content/drive/MyDrive/ego4d_data/v2/omnivore_video_swinl_fp16/fc996b6b-f855-4b68-8b17-fd8b44f5380e.pt,File,765.73 KB
/content/drive/MyDrive/ego4d_data/v2/omnivore_video_swinl_fp16/5a113615-91a9-4147-b924-f31cd15275e6.pt,File,375.73 KB
/content/drive/MyDrive/ego4d_data/v2/omnivore_video_swinl_fp16/8fb142f0-8eb4-4c90-8e3d-08d1bcc2314b.pt,File,8.86 MB
/content/drive/MyDrive/ego4d_data/v2/omnivore_video_swinl_fp16/0c8c2f4b-a006-47ca-8826-133af1dfb632.pt,File,903.73 KB
/content/drive/MyDrive/ego4d_data/v2/omnivore_video_swinl_fp16/7d43e858-fc76-4f75-83b7-0da80e3a8a46.pt,File,354.73 KB
/content/drive/MyDrive/ego4d_data/v2/omnivore_video_swinl_fp16/9089e01e-c28e-4767-9478-ffd7daba9b79.pt,File,11.62 MB
/content/drive/MyDrive/ego4d_data/v2/omnivore_video_swinl_fp16/73773748-14ac-40ba-9ef8-d5a70865aeea.pt,File,6.49 MB
/content/drive/MyDrive/ego4d_data/v2/omnivore_video_swinl_fp16/13e70b53-abc6-46d3-96da-d30b8327b223.pt,File,5.00 MB
/content/drive/MyDrive/ego4d_data/v2/omnivore_video_swinl_fp16/844b8092-d3ae-4287-b67d-50effce9caa0.pt,File,14.20 MB
/content/drive/MyDrive/ego4d_data/v2/omnivore_video_swinl_fp16/43299c49-5466-44c0-b786-1100467ef836.pt,File,114.73 KB
/content/drive/MyDrive/ego4d_data/v2/omnivore_video_swinl_fp16/c2e6d807-d903-4b64-98e1-2c07ca700c78.pt,File,11.49 MB
/content/drive/MyDrive/ego4d_data/v2/omnivore_video_swinl_fp16/90999b6f-76c3-432f-b44b-76f5e5ec5d96.pt,File,195.73 KB
/content/drive/MyDrive/ego4d_data/v2/omnivore_video_swinl_fp16/cf8345a5-30e1-44f9-8751-bd99836b5b1f.pt,File,1.29 MB
/content/drive/MyDrive/ego4d_data/v2/omnivore_video_swinl_fp16/cb83eaff-62e9-4aff-bcdc-e3d747103020.pt,File,1.83 MB
/content/drive/MyDrive/ego4d_data/v2/omnivore_video_swinl_fp16/e7cda49b-1c03-4d74-a759-c2eeb96465b4.pt,File,501.73 KB
/content/drive/MyDrive/ego4d_data/v2/omnivore_video_swinl_fp16/0677b703-0443-4cf3-9d51-19dcb2b3f06d.pt,File,12.20 MB
/content/drive/MyDrive/ego4d_data/v2/omnivore_video_swinl_fp16/51a00118-c4f0-443c-ac0a-269fcd6c2119.pt,File,3.28 MB
/content/drive/MyDrive/ego4d_data/v2/omnivore_video_swinl_fp16/64246b7f-86c9-4062-a11f-3352fae1fca1.pt,File,3.89 MB
/content/drive/MyDrive/ego4d_data/v2/omnivore_video_swinl_fp16/a6bd7096-ada1-4fe1-a81b-3b7609a39f31.pt,File,2.06 MB
/content/drive/MyDrive/ego4d_data/v2/omnivore_video_swinl_fp16/539f4a3a-06ae-4432-8fa9-d2c7d147a71c.pt,File,105.73 KB
/content/drive/MyDrive/ego4d_data/v2/omnivore_video_swinl_fp16/54d4c567-1b9d-448c-a60d-d7911fe7b95d.pt,File,144.73 KB
/content/drive/MyDrive/ego4d_data/v2/omnivore_video_swinl_fp16/13afdff5-2f0b-411a-a8ee-09991373b3ed.pt,File,231.73 KB
/content/drive/MyDrive/ego4d_data/v2/omnivore_video_swinl_fp16/d4c28488-a494-405d-bc8d-27a074aa9c5c.pt,File,7.09 MB
/content/drive/MyDrive/ego4d_data/v2/omnivore_video_swinl_fp16/ee0a0b25-f06a-4e17-813b-248f99b2e8b8.pt,File,30.19 MB
/content/drive/MyDrive/ego4d_data/v2/omnivore_video_swinl_fp16/aea0b0dd-5aa0-44b9-8740-a5be68062623.pt,File,531.73 KB
/content/drive/MyDrive/ego4d_data/v2/omnivore_video_swinl_fp16/a8552764-45e5-43da-9b99-c2e6cac405be.pt,File,1.94 MB
/content/drive/MyDrive/ego4d_data/v2/omnivore_video_swinl_fp16/83bba300-083d-4f04-9ba7-e1c318c5efcf.pt,File,2.86 MB
/content/drive/MyDrive/ego4d_data/v2/omnivore_video_swinl_fp16/6e0a6558-c212-4cab-b374-007671edb59c.pt,File,2.92 MB
/content/drive/MyDrive/ego4d_data/v2/omnivore_video_swinl_fp16/e91cd74f-eba1-4927-922f-a63839643715.pt,File,2.10 MB
/content/drive/MyDrive/ego4d_data/v2/omnivore_video_swinl_fp16/60534403-8f96-477a-a04d-bd939468cf10.pt,File,726.73 KB
/content/drive/MyDrive/ego4d_data/v2/omnivore_video_swinl_fp16/29ed0e34-0c0e-4c87-9175-59ee92aa48d9.pt,File,6.11 MB
/content/drive/MyDrive/ego4d_data/v2/omnivore_video_swinl_fp16/36275bce-bd4d-44e8-b728-8587a73f8d79.pt,File,4.45 MB
/content/drive/MyDrive/ego4d_data/v2/omnivore_video_swinl_fp16/47ed7c1c-5b7a-4d4d-9d1c-def09dae5f08.pt,File,4.64 MB
/content/drive/MyDrive/ego4d_data/v2/omnivore_video_swinl_fp16/69ed5dc3-ed83-47fb-aac0-71d997904494.pt,File,402.73 KB
/content/drive/MyDrive/ego4d_data/v2/omnivore_video_swinl_fp16/c115ba6e-cc76-4d8c-b28e-b659a558fc43.pt,File,3.99 MB
/content/drive/MyDrive/ego4d_data/v2/omnivore_video_swinl_fp16/7a43089b-fad6-4ba2-8d3f-ba47c2efc61e.pt,File,8.76 MB
/content/drive/MyDrive/ego4d_data/v2/omnivore_video_swinl_fp16/fb9e3ced-f2d6-46fa-9e8e-a60579e00911.pt,File,2.69 MB
/content/drive/MyDrive/ego4d_data/v2/omnivore_video_swinl_fp16/559ddb1f-f0c0-4d27-b2c2-ebabe103dc3b.pt,File,3.79 MB
/content/drive/MyDrive/ego4d_data/v2/omnivore_video_swinl_fp16/aa3aa45a-ab0a-4f3e-9629-ed8e8e68b533.pt,File,1.89 MB
/content/drive/MyDrive/ego4d_data/v2/omnivore_video_swinl_fp16/1321d3aa-dc41-4bee-94a7-559536885b88.pt,File,2.79 MB
/content/drive/MyDrive/ego4d_data/v2/omnivore_video_swinl_fp16/1df0665a-91f7-48ff-b74d-0e4b1c3729e0.pt,File,1.64 MB
/content/drive/MyDrive/ego4d_data/v2/omnivore_video_swinl_fp16/83af5740-e2a0-44e2-a504-d24cdedec4cd.pt,File,1.12 MB
/content/drive/MyDrive/ego4d_data/v2/omnivore_video_swinl_fp16/543e7281-50c8-4189-b4f8-ef3bbed83ed7.pt,File,11.62 MB
/content/drive/MyDrive/ego4d_data/v2/omnivore_video_swinl_fp16/e00d8164-9996-48ed-8645-bb88ab30cc09.pt,File,5.81 MB
/content/drive/MyDrive/ego4d_data/v2/omnivore_video_swinl_fp16/3b609b23-f91d-43da-9918-ce928181f53f.pt,File,2.88 MB
/content/drive/MyDrive/ego4d_data/v2/omnivore_video_swinl_fp16/29bc686e-8f5c-49de-a23e-c0b802e47d4d.pt,File,42.73 KB
/content/drive/MyDrive/ego4d_data/v2/omnivore_video_swinl_fp16/ae2d6792-7bdb-43c4-89b2-fc58c4b977d7.pt,File,3.21 MB
/content/drive/MyDrive/ego4d_data/v2/omnivore_video_swinl_fp16/c6c0171a-50b6-4541-b7d8-daee89bef013.pt,File,3.45 MB
/content/drive/MyDrive/ego4d_data/v2/omnivore_video_swinl_fp16/803d0524-47c8-45fe-a5d1-c6a71e2cd54b.pt,File,4.55 MB
/content/drive/MyDrive/ego4d_data/v2/omnivore_video_swinl_fp16/7d6d6cae-0601-485d-b900-482b4254e9f8.pt,File,11.07 MB
/content/drive/MyDrive/ego4d_data/v2/omnivore_video_swinl_fp16/2dbb7845-1de0-4e26-877a-035c051d12a5.pt,File,4.12 MB
/content/drive/MyDrive/ego4d_data/v2/omnivore_video_swinl_fp16/b2525e86-0301-4c1a-9991-155fd49236be.pt,File,2.01 MB
/content/drive/MyDrive/ego4d_data/v2/omnivore_video_swinl_fp16/1938c632-f575-49dd-8ae0-e48dbb467920.pt,File,3.75 MB
/content/drive/MyDrive/ego4d_data/v2/omnivore_video_swinl_fp16/da17baff-d7f9-4d48-8ca0-d4991d8a440f.pt,File,3.22 MB
/content/drive/MyDrive/ego4d_data/v2/omnivore_video_swinl_fp16/a4d935e5-68f9-4762-8831-51a8186456f7.pt,File,972.73 KB
/content/drive/MyDrive/ego4d_data/v2/omnivore_video_swinl_fp16/e230ee03-c90d-426c-91d2-256bdc0a3e68.pt,File,3.89 MB
/content/drive/MyDrive/ego4d_data/v2/omnivore_video_swinl_fp16/216c7a1a-7ec3-4aa0-a465-e37e7b5fd2f3.pt,File,15.04 MB
/content/drive/MyDrive/ego4d_data/v2/omnivore_video_swinl_fp16/4d89d233-dbcf-4ea2-a90f-9a2c3b42d1d5.pt,File,10.37 MB
/content/drive/MyDrive/ego4d_data/v2/omnivore_video_swinl_fp16/6abc010d-be71-498d-af0b-15c5845d315f.pt,File,933.73 KB
/content/drive/MyDrive/ego4d_data/v2/omnivore_video_swinl_fp16/9fabfbc8-1d5c-495e-9bb2-03795f0145ae.pt,File,1008.73 KB
/content/drive/MyDrive/ego4d_data/v2/omnivore_video_swinl_fp16/cce95cd8-188e-4d6b-996f-07f58fc9d117.pt,File,2.09 MB
/content/drive/MyDrive/ego4d_data/v2/omnivore_video_swinl_fp16/1e64cbac-80af-4aa8-86bd-cc03c081ab1a.pt,File,1011.73 KB
/content/drive/MyDrive/ego4d_data/v2/omnivore_video_swinl_fp16/0755c2cb-eb91-4e44-aac6-19b5237befd5.pt,File,1.39 MB
/content/drive/MyDrive/ego4d_data/v2/omnivore_video_swinl_fp16/633d1e83-f350-4983-87fd-4e9b9e9ed754.pt,File,2.86 MB
/content/drive/MyDrive/ego4d_data/v2/omnivore_video_swinl_fp16/fc517ef5-572c-43ee-9e43-6fdd6f6d5768.pt,File,1.49 MB
/content/drive/MyDrive/ego4d_data/v2/omnivore_video_swinl_fp16/82a3744e-cedb-4a4f-8e47-bc5c1a2b3ac0.pt,File,2.24 MB
/content/drive/MyDrive/ego4d_data/v2/omnivore_video_swinl_fp16/40a7470c-f3ed-41d4-956a-4b65f97e895a.pt,File,6.68 MB
/content/drive/MyDrive/ego4d_data/v2/omnivore_video_swinl_fp16/11fb6f55-4bf0-4992-ad15-d30a51447ab3.pt,File,5.81 MB
/content/drive/MyDrive/ego4d_data/v2/omnivore_video_swinl_fp16/3fa54ca6-3988-4a7f-9295-41236f4ee925.pt,File,1.43 MB
/content/drive/MyDrive/ego4d_data/v2/omnivore_video_swinl_fp16/292b2447-407d-45b5-8663-8d92a3f03064.pt,File,3.89 MB
/content/drive/MyDrive/ego4d_data/v2/omnivore_video_swinl_fp16/47416649-3b1f-48d4-b6fa-c16c4400ce9e.pt,File,1.88 MB
/content/drive/MyDrive/ego4d_data/v2/omnivore_video_swinl_fp16/a5fe04fd-4224-4a95-a3df-33d339570a0d.pt,File,2.50 MB
/content/drive/MyDrive/ego4d_data/v2/omnivore_video_swinl_fp16/0a4dded4-0ee3-4c9d-b13e-f9f2fa85dfa3.pt,File,3.53 MB
/content/drive/MyDrive/ego4d_data/v2/omnivore_video_swinl_fp16/6667265c-5d06-4072-b761-649eeab04fc9.pt,File,2.01 MB
/content/drive/MyDrive/ego4d_data/v2/omnivore_video_swinl_fp16/0cb2dd94-afb1-4e30-a62f-724f34d81777.pt,File,4.15 MB
/content/drive/MyDrive/ego4d_data/v2/omnivore_video_swinl_fp16/c9b40d8d-7cb5-4ce7-9e30-8d36adb94a4f.pt,File,408.73 KB
/content/drive/MyDrive/ego4d_data/v2/omnivore_video_swinl_fp16/df59a988-5814-4bc4-9445-93d50cef9b69.pt,File,2.63 MB
/content/drive/MyDrive/ego4d_data/v2/omnivore_video_swinl_fp16/864a2391-63d5-4f64-9ba2-cf1367c178c2.pt,File,36.73 KB
/content/drive/MyDrive/ego4d_data/v2/omnivore_video_swinl_fp16/fa2f1291-3796-41a6-8f7b-6e7c1491b9b2.pt,File,3.42 MB
/content/drive/MyDrive/ego4d_data/v2/omnivore_video_swinl_fp16/11f51f72-c0bd-4631-aabb-6ecbe17d95c9.pt,File,5.10 MB
/content/drive/MyDrive/ego4d_data/v2/omnivore_video_swinl_fp16/0d807e15-cf55-4038-83c4-d064a9ec2b46.pt,File,3.89 MB
/content/drive/MyDrive/ego4d_data/v2/omnivore_video_swinl_fp16/1de259f4-6130-4c10-a83c-e2a6b78c9d34.pt,File,5.81 MB
/content/drive/MyDrive/ego4d_data/v2/omnivore_video_swinl_fp16/9061bd1f-52ee-4aee-bbff-93c186cca302.pt,File,156.73 KB
/content/drive/MyDrive/ego4d_data/v2/omnivore_video_swinl_fp16/41416e77-3b9a-4685-bd1b-ba26b5ba19b2.pt,File,2.84 MB
/content/drive/MyDrive/ego4d_data/v2/omnivore_video_swinl_fp16/6f9d83ec-bea0-4788-8079-ff409d7da830.pt,File,5.81 MB
/content/drive/MyDrive/ego4d_data/v2/omnivore_video_swinl_fp16/a4376199-d428-480d-a80d-9706f391920d.pt,File,3.29 MB
/content/drive/MyDrive/ego4d_data/v2/omnivore_video_swinl_fp16/90f8d8f3-21af-4554-a56d-fecf36467855.pt,File,495.73 KB
/content/drive/MyDrive/ego4d_data/v2/omnivore_video_swinl_fp16/cae284a9-0794-4dc0-879a-3126d51a71b6.pt,File,3.72 MB
/content/drive/MyDrive/ego4d_data/v2/omnivore_video_swinl_fp16/624a6c0a-a4cb-4073-b501-48e4b6b679e4.pt,File,6.91 MB
/content/drive/MyDrive/ego4d_data/v2/omnivore_video_swinl_fp16/061df4a0-dbe4-4c05-bb44-e7cdc6b235c9.pt,File,765.73 KB
/content/drive/MyDrive/ego4d_data/v2/omnivore_video_swinl_fp16/c97d0f65-e295-48ee-a5b8-00e3ee989916.pt,File,4.75 MB
/content/drive/MyDrive/ego4d_data/v2/omnivore_video_swinl_fp16/ea096b64-6723-4b54-8e17-6b5fcc1a9bd6.pt,File,1.83 MB
/content/drive/MyDrive/ego4d_data/v2/omnivore_video_swinl_fp16/c058dd9b-c4f5-4f0e-b08e-3b62ecdd1695.pt,File,5.34 MB
/content/drive/MyDrive/ego4d_data/v2/omnivore_video_swinl_fp16/1dcc108c-8bd4-42ad-b2c5-03662be62eda.pt,File,29.06 MB
/content/drive/MyDrive/ego4d_data/v2/omnivore_video_swinl_fp16/a0d1444a-7f22-4575-adfe-d7a27436c545.pt,File,693.73 KB
/content/drive/MyDrive/ego4d_data/v2/omnivore_video_swinl_fp16/ca6c320b-b8cc-48b9-bee6-82f22ca90dcd.pt,File,2.92 MB
/content/drive/MyDrive/ego4d_data/v2/omnivore_video_swinl_fp16/a8486c50-4576-41e3-a9ad-ee809e40c648.pt,File,5.71 MB
/content/drive/MyDrive/ego4d_data/v2/omnivore_video_swinl_fp16/12eeb457-8acc-4ae1-a7d8-2b9814612c8e.pt,File,1011.73 KB
/content/drive/MyDrive/ego4d_data/v2/omnivore_video_swinl_fp16/2ac38738-903b-45b8-821e-e0de604caaa1.pt,File,1.44 MB
/content/drive/MyDrive/ego4d_data/v2/omnivore_video_swinl_fp16/d2f675c2-978a-44a4-b8b0-c7da921f5cc0.pt,File,5.81 MB
/content/drive/MyDrive/ego4d_data/v2/omnivore_video_swinl_fp16/afe85823-f95d-4267-91c2-625e2e2e1ea1.pt,File,7.46 MB
/content/drive/MyDrive/ego4d_data/v2/omnivore_video_swinl_fp16/ecb608ac-6443-46d4-9025-1300c456b8c8.pt,File,474.73 KB
/content/drive/MyDrive/ego4d_data/v2/omnivore_video_swinl_fp16/0b6fc89d-bf4b-44f3-82e7-67ee02517459.pt,File,852.73 KB
/content/drive/MyDrive/ego4d_data/v2/omnivore_video_swinl_fp16/c89a1660-d243-4376-b4bc-970851a122fc.pt,File,1.67 MB
/content/drive/MyDrive/ego4d_data/v2/omnivore_video_swinl_fp16/672c902a-7871-4e8f-bae5-6e12e2a4e342.pt,File,1.19 MB
/content/drive/MyDrive/ego4d_data/v2/omnivore_video_swinl_fp16/d5b41979-30df-41f3-9fb3-1e283fca8b3c.pt,File,264.73 KB
/content/drive/MyDrive/ego4d_data/v2/omnivore_video_swinl_fp16/74712ce0-8575-4bef-a269-6b7af97ac5c0.pt,File,5.81 MB
/content/drive/MyDrive/ego4d_data/v2/omnivore_video_swinl_fp16/a850112c-68e3-45d7-9fc0-9ada21e970a4.pt,File,3.58 MB
/content/drive/MyDrive/ego4d_data/v2/omnivore_video_swinl_fp16/1f1556e3-c586-4cf6-afff-11804450e6d9.pt,File,1.40 MB
/content/drive/MyDrive/ego4d_data/v2/omnivore_video_swinl_fp16/6edc48aa-c6aa-421a-9bdf-9bec659fef64.pt,File,2.36 MB
/content/drive/MyDrive/ego4d_data/v2/omnivore_video_swinl_fp16/1dac32da-dcbe-45cb-8ee5-ca1c5b4df01e.pt,File,2.10 MB
/content/drive/MyDrive/ego4d_data/v2/omnivore_video_swinl_fp16/20f345f7-d592-4d52-851f-3ee4544a847d.pt,File,2.09 MB
/content/drive/MyDrive/ego4d_data/v2/omnivore_video_swinl_fp16/a892882a-1bdb-4843-a965-291408dcdf1a.pt,File,2.47 MB
/content/drive/MyDrive/ego4d_data/v2/omnivore_video_swinl_fp16/6052a4ef-1227-4a9a-9883-6344081f4991.pt,File,789.73 KB
/content/drive/MyDrive/ego4d_data/v2/omnivore_video_swinl_fp16/542bd8e2-37a1-49be-8f4c-0fedeb1cc9f1.pt,File,2.64 MB
/content/drive/MyDrive/ego4d_data/v2/omnivore_video_swinl_fp16/e17e29ea-a164-42a0-82d3-1df235d745eb.pt,File,66.73 KB
/content/drive/MyDrive/ego4d_data/v2/omnivore_video_swinl_fp16/71a46db0-12e5-4a42-8fc4-ce9e87215fa9.pt,File,408.73 KB
/content/drive/MyDrive/ego4d_data/v2/omnivore_video_swinl_fp16/439a78ee-4776-4b70-9ac2-896f9f22f44c.pt,File,3.89 MB
/content/drive/MyDrive/ego4d_data/v2/omnivore_video_swinl_fp16/96335e41-036f-4cda-88a8-e0914a1d54b2.pt,File,5.77 MB
/content/drive/MyDrive/ego4d_data/v2/omnivore_video_swinl_fp16/5037539c-b8fc-411b-8617-b541d0f3c1a9.pt,File,3.49 MB
/content/drive/MyDrive/ego4d_data/v2/omnivore_video_swinl_fp16/9adc0c59-1167-4311-abf3-7b57a0743b1d.pt,File,3.32 MB
/content/drive/MyDrive/ego4d_data/v2/omnivore_video_swinl_fp16/24898dc1-61bd-4e90-a034-2853b96e4a91.pt,File,4.84 MB
/content/drive/MyDrive/ego4d_data/v2/omnivore_video_swinl_fp16/86bb2595-db49-423d-98a6-03c11299a468.pt,File,1.66 MB
/content/drive/MyDrive/ego4d_data/v2/omnivore_video_swinl_fp16/716d39a8-9090-4948-8a7a-2b8d78078718.pt,File,927.73 KB
/content/drive/MyDrive/ego4d_data/v2/omnivore_video_swinl_fp16/736fd0be-9335-48d8-aa67-680b0c683efc.pt,File,3.52 MB
/content/drive/MyDrive/ego4d_data/v2/omnivore_video_swinl_fp16/844005ea-11c6-4565-bf2e-3f471cd674e8.pt,File,3.68 MB
/content/drive/MyDrive/ego4d_data/v2/omnivore_video_swinl_fp16/91f5bcd9-fd21-4b72-8416-d8350abe2cb1.pt,File,3.15 MB
/content/drive/MyDrive/ego4d_data/v2/omnivore_video_swinl_fp16/fc4d071a-714e-40f7-b77e-e0d448bf082e.pt,File,345.73 KB
/content/drive/MyDrive/ego4d_data/v2/omnivore_video_swinl_fp16/03be7d83-7394-45b9-9f36-b55ad721aee1.pt,File,2.69 MB
/content/drive/MyDrive/ego4d_data/v2/omnivore_video_swinl_fp16/1aa28dec-e81d-4a76-b808-b804efaae529.pt,File,198.73 KB
/content/drive/MyDrive/ego4d_data/v2/omnivore_video_swinl_fp16/ec9fd60f-578b-4e29-b016-b6a424b064f4.pt,File,2.68 MB
/content/drive/MyDrive/ego4d_data/v2/omnivore_video_swinl_fp16/6e31866f-9e18-4eb4-a435-b175406c577f.pt,File,1.10 MB
/content/drive/MyDrive/ego4d_data/v2/omnivore_video_swinl_fp16/16c21f86-6bd6-4dd7-a9b6-d98fa9e47808.pt,File,2.25 MB
/content/drive/MyDrive/ego4d_data/v2/omnivore_video_swinl_fp16/4dc43a57-8ba2-42e3-b870-8bc441500865.pt,File,996.73 KB
/content/drive/MyDrive/ego4d_data/v2/omnivore_video_swinl_fp16/f8336f3f-b0cc-412e-b934-8645ccb3d0cc.pt,File,777.73 KB
/content/drive/MyDrive/ego4d_data/v2/omnivore_video_swinl_fp16/29790a18-69cb-4952-8fbf-644a91c4b747.pt,File,5.57 MB
/content/drive/MyDrive/ego4d_data/v2/omnivore_video_swinl_fp16/461f3dd7-9283-4829-9710-888b8323656e.pt,File,345.73 KB
/content/drive/MyDrive/ego4d_data/v2/omnivore_video_swinl_fp16/86315f9b-d779-4f7e-925a-bb6e9bd46f5a.pt,File,405.73 KB
/content/drive/MyDrive/ego4d_data/v2/omnivore_video_swinl_fp16/4a3d2db2-1b82-40b7-8a6e-52b6a2fe2b2c.pt,File,3.98 MB
/content/drive/MyDrive/ego4d_data/v2/omnivore_video_swinl_fp16/116a613c-be2e-4dcd-b99f-821ba1bf5463.pt,File,5.54 MB
/content/drive/MyDrive/ego4d_data/v2/omnivore_video_swinl_fp16/b18345c9-47e7-44a7-9bd1-56c21fb4ef92.pt,File,2.83 MB
/content/drive/MyDrive/ego4d_data/v2/omnivore_video_swinl_fp16/6a13b88e-fedc-4577-bd21-c158bf4c180e.pt,File,234.73 KB
/content/drive/MyDrive/ego4d_data/v2/omnivore_video_swinl_fp16/18433b31-edb7-4147-802a-2fed22f6c1a6.pt,File,120.73 KB
/content/drive/MyDrive/ego4d_data/v2/omnivore_video_swinl_fp16/46af7819-8dfd-4c3c-9b21-5ad0d9095580.pt,File,5.81 MB
/content/drive/MyDrive/ego4d_data/v2/omnivore_video_swinl_fp16/6d3939f5-5636-43c7-94bb-86318392bd2d.pt,File,2.93 MB
/content/drive/MyDrive/ego4d_data/v2/omnivore_video_swinl_fp16/a898a794-b5c9-4e8c-ae7c-06df839b6012.pt,File,2.44 MB
/content/drive/MyDrive/ego4d_data/v2/omnivore_video_swinl_fp16/398ad750-86ea-4298-a97a-b6b689f1ad13.pt,File,1.98 MB
/content/drive/MyDrive/ego4d_data/v2/omnivore_video_swinl_fp16/dc4238d7-01a6-4480-b5b6-1ae3aa8cd228.pt,File,3.89 MB
/content/drive/MyDrive/ego4d_data/v2/omnivore_video_swinl_fp16/edc86f1a-a731-4e34-b308-5644f6d5afba.pt,File,336.73 KB
/content/drive/MyDrive/ego4d_data/v2/omnivore_video_swinl_fp16/e828f68b-31f7-4caa-9f69-89842e26e914.pt,File,2.48 MB
/content/drive/MyDrive/ego4d_data/v2/omnivore_video_swinl_fp16/a0d60a9f-380d-42d8-b73d-b652f639b060.pt,File,3.99 MB
/content/drive/MyDrive/ego4d_data/v2/omnivore_video_swinl_fp16/11286c45-7869-4b84-81a5-7fcb9a247e9d.pt,File,675.73 KB
/content/drive/MyDrive/ego4d_data/v2/omnivore_video_swinl_fp16/2723b029-c547-4a1a-b5ce-309e84357a15.pt,File,3.35 MB
/content/drive/MyDrive/ego4d_data/v2/omnivore_video_swinl_fp16/43c06b48-36d0-482b-909b-bf0e84f1ab73.pt,File,522.73 KB
/content/drive/MyDrive/ego4d_data/v2/omnivore_video_swinl_fp16/1a539495-14e5-437d-abd6-2e2e958fe123.pt,File,567.73 KB
/content/drive/MyDrive/ego4d_data/v2/omnivore_video_swinl_fp16/0831d387-a359-427c-832d-b306f4720f45.pt,File,1.21 MB
/content/drive/MyDrive/ego4d_data/v2/omnivore_video_swinl_fp16/06df3251-8d22-4ea0-8d0a-0ae4760d771f.pt,File,5.27 MB
/content/drive/MyDrive/ego4d_data/v2/omnivore_video_swinl_fp16/35bec14e-4ad3-4e51-8bb5-9ae52c098d30.pt,File,1.94 MB
/content/drive/MyDrive/ego4d_data/v2/omnivore_video_swinl_fp16/2893f124-f815-4a0b-860c-a694e2540783.pt,File,2.98 MB
/content/drive/MyDrive/ego4d_data/v2/omnivore_video_swinl_fp16/c1d8c3ca-f127-4dee-95f5-41280edde54e.pt,File,567.73 KB
/content/drive/MyDrive/ego4d_data/v2/omnivore_video_swinl_fp16/manifest.ver,File,121.93 KB
/content/drive/MyDrive/ego4d_data/v2/omnivore_video_swinl_fp16/manifest.csv,File,1.56 MB
/content/drive/MyDrive/ego4d_data/v2/omnivore_video_swinl_fp16/3e08beb0-9108-4e77-b2ae-80f91ceac474.pt,File,3.32 MB
/content/drive/MyDrive/ego4d_data/v2/omnivore_video_swinl_fp16/a6fb31a3-eca4-4e8f-a23b-16e4f2a9269b.pt,File,24.70 MB
/content/drive/MyDrive/ego4d_data/v2/omnivore_video_swinl_fp16/5d7a27ce-1d80-453e-849b-1148c2b95263.pt,File,9.24 MB
/content/drive/MyDrive/ego4d_data/v2/omnivore_video_swinl_fp16/bd0d69c1-a6e5-4e02-9835-9b9cfcc0c2f6.pt,File,14.52 MB
/content/drive/MyDrive/ego4d_data/v2/omnivore_video_swinl_fp16/2090d1c2-8308-4966-b903-e860b498f4e3.pt,File,5.07 MB
/content/drive/MyDrive/ego4d_data/v2/omnivore_video_swinl_fp16/6498b686-829f-4e75-9495-78c1e5b4db46.pt,File,6.94 MB
/content/drive/MyDrive/ego4d_data/v2/omnivore_video_swinl_fp16/c26cda75-ed47-4f46-9076-25cf75bf9f1d.pt,File,139.62 MB
/content/drive/MyDrive/ego4d_data/v2/omnivore_video_swinl_fp16/876dad36-879c-42eb-977d-b500f7c141d3.pt,File,22.03 MB
/content/drive/MyDrive/ego4d_data/v2/omnivore_video_swinl_fp16/40eeac41-9ec3-4960-b0b3-77074a6ad5b3.pt,File,10.94 MB
/content/drive/MyDrive/ego4d_data/v2/omnivore_video_swinl_fp16/ad09372b-2863-4de9-a86c-c46b2f502fe4.pt,File,18.27 MB
/content/drive/MyDrive/ego4d_data/v2/omnivore_video_swinl_fp16/50a395ca-e434-46f3-a2f8-67fc4ca3874b.pt,File,10.26 MB
/content/drive/MyDrive/ego4d_data/v2/omnivore_video_swinl_fp16/93f78437-229d-4824-a8c1-68d9b17e754d.pt,File,12.76 MB
/content/drive/MyDrive/ego4d_data/v2/omnivore_video_swinl_fp16/f323d145-bed9-41ad-94e4-7a9d12db9825.pt,File,3.40 MB
/content/drive/MyDrive/ego4d_data/v2/omnivore_video_swinl_fp16/968139e2-987e-4615-a2d4-fa2e683bae8a.pt,File,18.02 MB
/content/drive/MyDrive/ego4d_data/v2/omnivore_video_swinl_fp16/f735d4bb-d65e-4965-ac0d-270c0b9e5993.pt,File,14.16 MB
/content/drive/MyDrive/ego4d_data/v2/omnivore_video_swinl_fp16/9440d47e-8bd2-48a8-a85f-1ce407fd03b7.pt,File,21.81 MB
/content/drive/MyDrive/ego4d_data/v2/omnivore_video_swinl_fp16/f4c4c22e-2719-4897-87a8-bb754903eb01.pt,File,1.12 MB
/content/drive/MyDrive/ego4d_data/v2/omnivore_video_swinl_fp16/b8952ddf-dd75-4d30-99f2-4e93a286abda.pt,File,18.01 MB
/content/drive/MyDrive/ego4d_data/v2/omnivore_video_swinl_fp16/1a89d7f1-fb77-4aef-a97a-d3d54756a9df.pt,File,13.83 MB
/content/drive/MyDrive/ego4d_data/v2/omnivore_video_swinl_fp16/e0c4d2c7-fd50-4c50-b40e-e1eda4a5708b.pt,File,6.26 MB
/content/drive/MyDrive/ego4d_data/v2/omnivore_video_swinl_fp16/a3ba5558-2bd5-48c4-abb2-bf675ca6b824.pt,File,17.22 MB
/content/drive/MyDrive/ego4d_data/v2/omnivore_video_swinl_fp16/d3a0899e-2093-454c-9f65-30087883193a.pt,File,20.44 MB
/content/drive/MyDrive/ego4d_data/v2/omnivore_video_swinl_fp16/8762cf76-5526-43a2-b825-a0c396494c87.pt,File,4.97 MB
/content/drive/MyDrive/ego4d_data/v2/omnivore_video_swinl_fp16/7c0c0057-3bbc-40ef-a91e-4d6e1a637642.pt,File,14.51 MB
/content/drive/MyDrive/ego4d_data/v2/omnivore_video_swinl_fp16/2d560d56-dc47-4c76-8d41-889c8aa55d66.pt,File,50.72 MB
/content/drive/MyDrive/ego4d_data/v2/omnivore_video_swinl_fp16/082db032-f3f2-408b-a116-84d62f673915.pt,File,22.25 MB
/content/drive/MyDrive/ego4d_data/v2/omnivore_video_swinl_fp16/752dd54d-7835-475a-bccd-931fcf1e9655.pt,File,4.63 MB
/content/drive/MyDrive/ego4d_data/v2/omnivore_video_swinl_fp16/ef820406-e4ce-4596-84a6-5abcde5b268e.pt,File,2.47 MB
/content/drive/MyDrive/ego4d_data/v2/omnivore_video_swinl_fp16/bef1d436-14c4-4ed6-b5c7-6d8a9282e996.pt,File,10.96 MB
/content/drive/MyDrive/ego4d_data/v2/omnivore_video_swinl_fp16/ae7b6096-4f00-42af-857d-603c2cbfa940.pt,File,19.95 MB
/content/drive/MyDrive/ego4d_data/v2/omnivore_video_swinl_fp16/d3279f4f-eea5-448f-a930-aafac6b668ac.pt,File,29.31 MB
/content/drive/MyDrive/ego4d_data/v2/omnivore_video_swinl_fp16/7f1b26ab-ffc6-40c3-9cb3-572311ccf0d9.pt,File,5.48 MB
/content/drive/MyDrive/ego4d_data/v2/omnivore_video_swinl_fp16/597b1ca1-e2ea-4a0e-8be0-31b713151ba2.pt,File,13.41 MB
/content/drive/MyDrive/ego4d_data/v2/omnivore_video_swinl_fp16/bda979cb-dc62-4daf-a87f-8295667c173c.pt,File,9.92 MB
/content/drive/MyDrive/ego4d_data/v2/omnivore_video_swinl_fp16/b42d2576-1410-4993-bc1d-acf45d9d49b3.pt,File,15.74 MB
/content/drive/MyDrive/ego4d_data/v2/omnivore_video_swinl_fp16/3a821d95-cf27-4963-a1c7-d4e3f6c7c3c2.pt,File,9.12 MB
/content/drive/MyDrive/ego4d_data/v2/omnivore_video_swinl_fp16/150c104e-f9bd-4a81-b885-0e8b9968cada.pt,File,14.09 MB
/content/drive/MyDrive/ego4d_data/v2/omnivore_video_swinl_fp16/7f9f75fd-a660-4635-8890-239c6ad82023.pt,File,14.39 MB
/content/drive/MyDrive/ego4d_data/v2/omnivore_video_swinl_fp16/f61a6422-1806-43d8-87d6-bc24d9768d9d.pt,File,11.90 MB
/content/drive/MyDrive/ego4d_data/v2/omnivore_video_swinl_fp16/f97b9bb6-9afc-4743-899f-bfe483e88d97.pt,File,7.84 MB
/content/drive/MyDrive/ego4d_data/v2/omnivore_video_swinl_fp16/89193e37-1ed4-4a65-996b-6883f2e1cf61.pt,File,22.22 MB
/content/drive/MyDrive/ego4d_data/v2/omnivore_video_swinl_fp16/c037be7a-e56b-4053-a48b-c593bf069ef4.pt,File,3.25 MB
/content/drive/MyDrive/ego4d_data/v2/omnivore_video_swinl_fp16/0b22b43c-f57e-4f4f-8840-3ca0bf086b9c.pt,File,9.80 MB
/content/drive/MyDrive/ego4d_data/v2/omnivore_video_swinl_fp16/2f6da5f6-e26c-4ac3-8f71-12386f7588e2.pt,File,12.71 MB
/content/drive/MyDrive/ego4d_data/v2/omnivore_video_swinl_fp16/6c7abb81-3545-4798-bc17-67eac6deadb3.pt,File,14.44 MB
/content/drive/MyDrive/ego4d_data/v2/omnivore_video_swinl_fp16/6bdc7ecb-0d9c-461f-8f32-ee0fbbe47c49.pt,File,34.77 MB
/content/drive/MyDrive/ego4d_data/v2/omnivore_video_swinl_fp16/cc90b6d6-a283-45f2-9ce1-3639acd6f74c.pt,File,14.50 MB
/content/drive/MyDrive/ego4d_data/v2/omnivore_video_swinl_fp16/03f46720-8327-4215-ba56-5d739f6795ef.pt,File,3.13 MB
/content/drive/MyDrive/ego4d_data/v2/omnivore_video_swinl_fp16/c7525cb9-96c6-4714-9d05-9163d3d82109.pt,File,450.73 KB
/content/drive/MyDrive/ego4d_data/v2/omnivore_video_swinl_fp16/316ad960-e087-4d33-ba02-08e83c20e199.pt,File,8.71 MB
/content/drive/MyDrive/ego4d_data/v2/omnivore_video_swinl_fp16/5817740f-4858-4923-bd47-b0133aaaed5b.pt,File,11.99 MB
/content/drive/MyDrive/ego4d_data/v2/omnivore_video_swinl_fp16/7e4de34c-b5e4-428d-b2d2-5352d5894d9f.pt,File,663.73 KB
/content/drive/MyDrive/ego4d_data/v2/omnivore_video_swinl_fp16/f5c456b2-b998-4f42-82bd-786833fb3891.pt,File,5.52 MB
/content/drive/MyDrive/ego4d_data/v2/omnivore_video_swinl_fp16/918c1f07-e923-4ca7-bebc-779c3ef01222.pt,File,10.91 MB
/content/drive/MyDrive/ego4d_data/v2/omnivore_video_swinl_fp16/c3b19085-f7eb-4217-8eec-b8cc056f92a1.pt,File,3.68 MB
/content/drive/MyDrive/ego4d_data/v2/omnivore_video_swinl_fp16/18be74c1-9b20-41ca-8a89-7d0a1832ff55.pt,File,8.53 MB
/content/drive/MyDrive/ego4d_data/v2/omnivore_video_swinl_fp16/1c677fb6-92e6-49b7-91db-4bc335e970ab.pt,File,19.37 MB
/content/drive/MyDrive/ego4d_data/v2/omnivore_video_swinl_fp16/947aeb0a-78c2-4667-aea5-b7fa6bc05ff7.pt,File,20.06 MB
/content/drive/MyDrive/ego4d_data/v2/omnivore_video_swinl_fp16/d8217a15-4527-4557-94c5-df4eb78b748a.pt,File,20.55 MB
/content/drive/MyDrive/ego4d_data/v2/omnivore_video_swinl_fp16/e2f492ff-74c7-4fdc-8c93-0d4ebf66cc63.pt,File,11.53 MB
/content/drive/MyDrive/ego4d_data/v2/omnivore_video_swinl_fp16/252b4e41-56c3-4628-93c9-ab23fea10f09.pt,File,7.51 MB
/content/drive/MyDrive/ego4d_data/v2/omnivore_video_swinl_fp16/b0429a48-6f89-4544-8128-a24fd63d3149.pt,File,22.45 MB
/content/drive/MyDrive/ego4d_data/v2/omnivore_video_swinl_fp16/9ce38d97-5285-4ea7-bc44-b385acabcf92.pt,File,3.01 MB
/content/drive/MyDrive/ego4d_data/v2/omnivore_video_swinl_fp16/af16d9ef-f726-49dc-bf2e-73553dd417fd.pt,File,19.06 MB
/content/drive/MyDrive/ego4d_data/v2/omnivore_video_swinl_fp16/4c642620-db0e-4096-9ece-2b2c6fdb47b0.pt,File,24.11 MB
/content/drive/MyDrive/ego4d_data/v2/omnivore_video_swinl_fp16/68c73d6c-8102-42ae-8d07-c5529bb933fa.pt,File,14.17 MB
/content/drive/MyDrive/ego4d_data/v2/omnivore_video_swinl_fp16/d20f6551-0272-4a69-8b02-da7ffcf29e0f.pt,File,7.16 MB
/content/drive/MyDrive/ego4d_data/v2/omnivore_video_swinl_fp16/047c5e54-444f-463e-b677-be38e706a9ea.pt,File,4.05 MB
/content/drive/MyDrive/ego4d_data/v2/omnivore_video_swinl_fp16/2c78909f-ff5c-4a70-b5ae-2d74e11fbe93.pt,File,14.66 MB
/content/drive/MyDrive/ego4d_data/v2/omnivore_video_swinl_fp16/0377792b-7b1e-4d67-86fd-f50c9257ea85.pt,File,6.71 MB
/content/drive/MyDrive/ego4d_data/v2/omnivore_video_swinl_fp16/f6277269-1c87-439c-b5be-d4a02343018a.pt,File,9.01 MB
/content/drive/MyDrive/ego4d_data/v2/omnivore_video_swinl_fp16/c6da6ceb-5f40-436b-8c83-76458f46b3fb.pt,File,4.41 MB
/content/drive/MyDrive/ego4d_data/v2/omnivore_video_swinl_fp16/114d86a7-2849-46de-8bb7-8fe1e1a48be8.pt,File,1.51 MB
/content/drive/MyDrive/ego4d_data/v2/omnivore_video_swinl_fp16/5d4facb9-9473-4cf2-a7a6-bfc1e4e01833.pt,File,10.22 MB
/content/drive/MyDrive/ego4d_data/v2/omnivore_video_swinl_fp16/ca904341-e8f2-4d13-953f-fd7c8e276973.pt,File,5.63 MB
/content/drive/MyDrive/ego4d_data/v2/omnivore_video_swinl_fp16/eb628b6d-001d-48ab-90ed-730e47f299b9.pt,File,2.37 MB
/content/drive/MyDrive/ego4d_data/v2/omnivore_video_swinl_fp16/edc1869c-8a97-44fd-ab47-63fda4a54df9.pt,File,2.34 MB
/content/drive/MyDrive/ego4d_data/v2/omnivore_video_swinl_fp16/c924da0b-c38e-4b68-a0d2-c16cf9207a40.pt,File,6.88 MB
/content/drive/MyDrive/ego4d_data/v2/omnivore_video_swinl_fp16/054992d4-aa9a-4904-8699-3ecf422e0312.pt,File,828.73 KB
/content/drive/MyDrive/ego4d_data/v2/omnivore_video_swinl_fp16/6b6d73b9-e92c-4698-86df-bbe687a9e95e.pt,File,9.40 MB
/content/drive/MyDrive/ego4d_data/v2/omnivore_video_swinl_fp16/3f0aa3e8-6c8c-4eab-ad6e-00d3876768d8.pt,File,20.06 MB
/content/drive/MyDrive/ego4d_data/v2/omnivore_video_swinl_fp16/3fffb452-1c17-43fa-b473-c9e19ac21433.pt,File,20.50 MB
/content/drive/MyDrive/ego4d_data/v2/omnivore_video_swinl_fp16/7d1f0e94-74a9-4c9f-a026-88192d1da079.pt,File,4.98 MB
/content/drive/MyDrive/ego4d_data/v2/omnivore_video_swinl_fp16/6834426d-9454-4fc9-a538-20d498d18e87.pt,File,927.73 KB
/content/drive/MyDrive/ego4d_data/v2/omnivore_video_swinl_fp16/eb486644-f46f-44cf-8e4b-73245b2fc02e.pt,File,13.59 MB
/content/drive/MyDrive/ego4d_data/v2/omnivore_video_swinl_fp16/61cebde6-a2db-4e7f-a928-0d12a2fea535.pt,File,14.33 MB
/content/drive/MyDrive/ego4d_data/v2/omnivore_video_swinl_fp16/8fc2c084-ff56-4112-af4a-dfa2609f17c3.pt,File,3.18 MB
/content/drive/MyDrive/ego4d_data/v2/omnivore_video_swinl_fp16/0afbf08b-09a5-4c15-a85a-5ebf88866443.pt,File,5.74 MB
/content/drive/MyDrive/ego4d_data/v2/omnivore_video_swinl_fp16/93357145-49fb-4128-b5da-25bc9602daf0.pt,File,8.56 MB
/content/drive/MyDrive/ego4d_data/v2/omnivore_video_swinl_fp16/2978ddbc-cdc9-4bfa-9a7c-4bf056904010.pt,File,5.78 MB
/content/drive/MyDrive/ego4d_data/v2/omnivore_video_swinl_fp16/b7499ed7-3a53-4801-9f0e-15a923d4b89e.pt,File,24.11 MB
/content/drive/MyDrive/ego4d_data/v2/omnivore_video_swinl_fp16/8240bbf6-df43-4677-9508-b281558c5856.pt,File,10.08 MB
/content/drive/MyDrive/ego4d_data/v2/omnivore_video_swinl_fp16/f6da2935-f18d-4ef4-9a50-8890d1cf796a.pt,File,7.25 MB
/content/drive/MyDrive/ego4d_data/v2/omnivore_video_swinl_fp16/e9a19c77-50c5-4175-897f-2f5522dc1da8.pt,File,29.75 MB
/content/drive/MyDrive/ego4d_data/v2/omnivore_video_swinl_fp16/73e6163f-5dbd-49be-a6f1-d06d0a1dca31.pt,File,26.64 MB
/content/drive/MyDrive/ego4d_data/v2/omnivore_video_swinl_fp16/7021640c-5533-49e1-b2e1-e638eb6bb2c9.pt,File,22.86 MB
/content/drive/MyDrive/ego4d_data/v2/omnivore_video_swinl_fp16/002c3b5c-ed86-4af3-99a1-4b497b7c8a86.pt,File,15.15 MB
/content/drive/MyDrive/ego4d_data/v2/omnivore_video_swinl_fp16/d9db7166-e5fe-4ce5-85eb-0c437c4ddf32.pt,File,94.85 MB
/content/drive/MyDrive/ego4d_data/v2/omnivore_video_swinl_fp16/c3065f43-abc1-4868-84fd-3f937010fd17.pt,File,39.65 MB
/content/drive/MyDrive/ego4d_data/v1/omnivore_video_swinl_fp16,Directory,
/content/drive/MyDrive/ego4d_data/v1/annotations,Directory,
/content/drive/MyDrive/ego4d_data/v1/sta_models,Directory,
/content/drive/MyDrive/ego4d_data/v1/omnivore_video_swinl_fp16/002c3b5c-ed86-4af3-99a1-4b497b7c8a86.pt,File,15.15 MB
/content/drive/MyDrive/ego4d_data/v1/omnivore_video_swinl_fp16/817170ad-1f3b-44b1-9772-fe914fa17f30.pt,File,20.78 MB
/content/drive/MyDrive/ego4d_data/v1/omnivore_video_swinl_fp16/0d8a3e5c-4263-4f80-b32d-39d4f33008ba.pt,File,7.30 MB
/content/drive/MyDrive/ego4d_data/v1/omnivore_video_swinl_fp16/c3065f43-abc1-4868-84fd-3f937010fd17.pt,File,39.65 MB
/content/drive/MyDrive/ego4d_data/v1/omnivore_video_swinl_fp16/719d9e89-4eb2-49ea-be14-dc2637dc303f.pt,File,3.89 MB
/content/drive/MyDrive/ego4d_data/v1/omnivore_video_swinl_fp16/8b72b54f-f87c-4fdb-84dc-97e42ab111ac.pt,File,8.38 MB
/content/drive/MyDrive/ego4d_data/v1/omnivore_video_swinl_fp16/176e0cc4-f5f3-48a4-9032-7c9c04e003f9.pt,File,12.51 MB
/content/drive/MyDrive/ego4d_data/v1/omnivore_video_swinl_fp16/769a17ba-20d2-4f77-874f-874e5fb346bf.pt,File,16.36 MB
/content/drive/MyDrive/ego4d_data/v1/omnivore_video_swinl_fp16/5122adb8-0559-4f92-8077-4a99463ca09d.pt,File,10.71 MB
/content/drive/MyDrive/ego4d_data/v1/omnivore_video_swinl_fp16/878b7d2a-ed21-409c-b523-8fd8c014076b.pt,File,8.22 MB
/content/drive/MyDrive/ego4d_data/v1/omnivore_video_swinl_fp16/d9db7166-e5fe-4ce5-85eb-0c437c4ddf32.pt,File,94.85 MB
/content/drive/MyDrive/ego4d_data/v1/omnivore_video_swinl_fp16/21dd0acb-4549-4439-90a9-9d920bbc603d.pt,File,67.91 MB
/content/drive/MyDrive/ego4d_data/v1/omnivore_video_swinl_fp16/374832bf-f977-4e8b-b0e0-2f2ea1e38b5d.pt,File,8.27 MB
/content/drive/MyDrive/ego4d_data/v1/omnivore_video_swinl_fp16/002d2729-df71-438d-8396-5895b349e8fd.pt,File,19.62 MB
/content/drive/MyDrive/ego4d_data/v1/omnivore_video_swinl_fp16/d25c1a0b-c489-466c-aa24-9d7dd2df977e.pt,File,10.08 MB
/content/drive/MyDrive/ego4d_data/v1/omnivore_video_swinl_fp16/4ace159b-7af8-492b-9910-e14a5cb72d1a.pt,File,26.28 MB
/content/drive/MyDrive/ego4d_data/v1/omnivore_video_swinl_fp16/60e63a2b-cbf9-420a-b17a-c50848b7f096.pt,File,12.01 MB
/content/drive/MyDrive/ego4d_data/v1/omnivore_video_swinl_fp16/062ded0e-1df8-42d1-adaa-fc948e1cd7de.pt,File,22.35 MB
/content/drive/MyDrive/ego4d_data/v1/omnivore_video_swinl_fp16/d9941963-10dd-49bc-badc-998c88cf1e18.pt,File,10.59 MB
/content/drive/MyDrive/ego4d_data/v1/omnivore_video_swinl_fp16/b29b29d2-8335-4307-b5d7-976fa2b38f28.pt,File,11.04 MB
/content/drive/MyDrive/ego4d_data/v1/omnivore_video_swinl_fp16/4894e32d-7aab-4717-981c-9bfc1eac6aa4.pt,File,24.71 MB
/content/drive/MyDrive/ego4d_data/v1/omnivore_video_swinl_fp16/2fa81cfe-e0d4-42e5-be39-e14287215bd2.pt,File,12.14 MB
/content/drive/MyDrive/ego4d_data/v1/omnivore_video_swinl_fp16/38473fe0-8311-44f0-a976-46a1eef5c6d6.pt,File,1.68 MB
/content/drive/MyDrive/ego4d_data/v1/omnivore_video_swinl_fp16/40a83cc4-0e1e-4de4-8a7b-d028ecd0c214.pt,File,7.49 MB
/content/drive/MyDrive/ego4d_data/v1/omnivore_video_swinl_fp16/dee85b6f-9a43-467f-ae31-cbf468cd8965.pt,File,17.66 MB
/content/drive/MyDrive/ego4d_data/v1/omnivore_video_swinl_fp16/9b9364bc-a51c-43a1-a82e-628c4078d5c2.pt,File,19.19 MB
/content/drive/MyDrive/ego4d_data/v1/omnivore_video_swinl_fp16/1eb500cd-cdb4-415e-8bf6-cc1289edf0ee.pt,File,6.22 MB
/content/drive/MyDrive/ego4d_data/v1/omnivore_video_swinl_fp16/48ca7acc-2b9c-46a9-ab11-be03bd1324d9.pt,File,5.87 MB
/content/drive/MyDrive/ego4d_data/v1/omnivore_video_swinl_fp16/2b89ddf6-d019-4664-87a4-ea308717cd34.pt,File,2.36 MB
/content/drive/MyDrive/ego4d_data/v1/omnivore_video_swinl_fp16/7b016e40-d10a-43b3-9222-cb4787a95432.pt,File,7.94 MB
/content/drive/MyDrive/ego4d_data/v1/omnivore_video_swinl_fp16/1fae6ecb-2ad9-4160-b388-c34e7d018915.pt,File,13.48 MB
/content/drive/MyDrive/ego4d_data/v1/omnivore_video_swinl_fp16/d7951b74-71fc-4dd7-a874-408088870e72.pt,File,34.87 MB
/content/drive/MyDrive/ego4d_data/v1/omnivore_video_swinl_fp16/bd970f5b-3fd9-4ae9-9f2b-738e8ca54c1e.pt,File,8.76 MB
/content/drive/MyDrive/ego4d_data/v1/omnivore_video_swinl_fp16/d41f6dac-369a-4fed-abed-2423b28bb8f8.pt,File,2.92 MB
/content/drive/MyDrive/ego4d_data/v1/omnivore_video_swinl_fp16/a17b1c4f-3654-4385-b4eb-1a0f574a2a35.pt,File,9.91 MB
/content/drive/MyDrive/ego4d_data/v1/omnivore_video_swinl_fp16/1cccdb19-2eb3-4ab7-ab74-58c9b425a68c.pt,File,13.46 MB
/content/drive/MyDrive/ego4d_data/v1/omnivore_video_swinl_fp16/de8ea8a7-6bdb-4679-9b17-9dc6a79e45e7.pt,File,8.76 MB
/content/drive/MyDrive/ego4d_data/v1/omnivore_video_swinl_fp16/4c53aaac-76f0-4874-ab1c-738286b9698e.pt,File,9.57 MB
/content/drive/MyDrive/ego4d_data/v1/omnivore_video_swinl_fp16/eb5cd861-7460-4d73-8945-c8eec0c3d450.pt,File,23.25 MB
/content/drive/MyDrive/ego4d_data/v1/omnivore_video_swinl_fp16/31e21213-c8e6-40f4-b498-98db071819ed.pt,File,7.68 MB
/content/drive/MyDrive/ego4d_data/v1/omnivore_video_swinl_fp16/615225c2-50dc-4d4a-a9d1-f6ffea27a4cf.pt,File,12.43 MB
/content/drive/MyDrive/ego4d_data/v1/omnivore_video_swinl_fp16/bcb6ca41-64ea-4c2b-90c7-1e523a5a324e.pt,File,9.59 MB
/content/drive/MyDrive/ego4d_data/v1/omnivore_video_swinl_fp16/f6fea609-23c4-431c-8ac2-484f334a3a83.pt,File,7.22 MB
/content/drive/MyDrive/ego4d_data/v1/omnivore_video_swinl_fp16/72546b99-74eb-49f3-9e90-b0773dd7ef24.pt,File,261.73 KB
/content/drive/MyDrive/ego4d_data/v1/omnivore_video_swinl_fp16/eafc77b4-8b79-47f6-b3ab-bae2fb7703c3.pt,File,14.06 MB
/content/drive/MyDrive/ego4d_data/v1/omnivore_video_swinl_fp16/155f8d74-4c5c-4821-a18b-fceaa9c6199c.pt,File,61.04 MB
/content/drive/MyDrive/ego4d_data/v1/omnivore_video_swinl_fp16/c976bf0b-e005-40b6-8482-6c1431797edc.pt,File,29.06 MB
/content/drive/MyDrive/ego4d_data/v1/omnivore_video_swinl_fp16/f5bf2f21-9c7f-4eb1-9573-50e3dc4c84e1.pt,File,23.61 MB
/content/drive/MyDrive/ego4d_data/v1/omnivore_video_swinl_fp16/12bf3659-40c4-4094-a4d3-507ec04bc512.pt,File,5.84 MB
/content/drive/MyDrive/ego4d_data/v1/omnivore_video_swinl_fp16/b9eed644-56a9-4a0b-b1a3-5cc0d6688297.pt,File,8.51 MB
/content/drive/MyDrive/ego4d_data/v1/omnivore_video_swinl_fp16/46f5a400-654f-4aa3-8185-da5ea97bc1a6.pt,File,1.54 MB
/content/drive/MyDrive/ego4d_data/v1/omnivore_video_swinl_fp16/0fb8012d-430d-4b45-a8eb-5fd8cb43f5b0.pt,File,21.02 MB
/content/drive/MyDrive/ego4d_data/v1/omnivore_video_swinl_fp16/f178b211-e532-47ef-8b2b-28a7fa4c8e0f.pt,File,23.19 MB
/content/drive/MyDrive/ego4d_data/v1/omnivore_video_swinl_fp16/91155366-856d-445b-8324-f7db85a51628.pt,File,102.83 MB
/content/drive/MyDrive/ego4d_data/v1/omnivore_video_swinl_fp16/ffb7ecf6-f44e-499b-b315-a4aeabf3578c.pt,File,30.59 MB
/content/drive/MyDrive/ego4d_data/v1/omnivore_video_swinl_fp16/b29fc28f-d093-47a3-a9d8-0d1b466c0433.pt,File,1.59 MB
/content/drive/MyDrive/ego4d_data/v1/omnivore_video_swinl_fp16/0ce20f1b-104c-48aa-a957-75f772238639.pt,File,1.58 MB
/content/drive/MyDrive/ego4d_data/v1/omnivore_video_swinl_fp16/ab875220-cd6c-410d-8fbc-94742e51e775.pt,File,14.43 MB
/content/drive/MyDrive/ego4d_data/v1/omnivore_video_swinl_fp16/c396d137-e956-4a7f-ab2e-5a0b29c51afa.pt,File,10.52 MB
/content/drive/MyDrive/ego4d_data/v1/omnivore_video_swinl_fp16/550be319-373f-4e4a-8049-ca6deed20b00.pt,File,540.73 KB
/content/drive/MyDrive/ego4d_data/v1/omnivore_video_swinl_fp16/358b8b7d-ca51-4470-9030-5d14e9d21abf.pt,File,31.86 MB
/content/drive/MyDrive/ego4d_data/v1/omnivore_video_swinl_fp16/19d18a44-a421-49e6-9104-b0c09f3ac3bf.pt,File,10.77 MB
/content/drive/MyDrive/ego4d_data/v1/omnivore_video_swinl_fp16/a3a1246c-97fd-4824-be9e-f4e261ab525c.pt,File,20.33 MB
/content/drive/MyDrive/ego4d_data/v1/omnivore_video_swinl_fp16/937e5809-09d0-4c6b-8d9e-9329e0cf6218.pt,File,20.30 MB
/content/drive/MyDrive/ego4d_data/v1/omnivore_video_swinl_fp16/9957a25a-8ef1-4538-a51e-f8c5ab8c2bc4.pt,File,2.06 MB
/content/drive/MyDrive/ego4d_data/v1/omnivore_video_swinl_fp16/5538b578-1cec-4397-8bf2-66bacee94631.pt,File,32.19 MB
/content/drive/MyDrive/ego4d_data/v1/omnivore_video_swinl_fp16/a3c4eb3f-2d62-4730-8476-6c161d0a75ea.pt,File,390.73 KB
/content/drive/MyDrive/ego4d_data/v1/omnivore_video_swinl_fp16/7e70088e-9874-4116-880e-496c835d71c6.pt,File,32.07 MB
/content/drive/MyDrive/ego4d_data/v1/omnivore_video_swinl_fp16/31cbf7bb-d464-4ec3-bddd-c387766f8572.pt,File,4.78 MB
/content/drive/MyDrive/ego4d_data/v1/omnivore_video_swinl_fp16/0be30efe-9d71-4698-8304-f1d441aeea58.pt,File,4.25 MB
/content/drive/MyDrive/ego4d_data/v1/omnivore_video_swinl_fp16/79c62f24-488e-4a69-8220-3b20cb4bf72b.pt,File,29.93 MB
/content/drive/MyDrive/ego4d_data/v1/omnivore_video_swinl_fp16/c00d3596-99db-4ea7-9a65-57ab4319d640.pt,File,18.21 MB
/content/drive/MyDrive/ego4d_data/v1/omnivore_video_swinl_fp16/ae15b414-41c8-478a-94a3-e69a87ebf318.pt,File,12.99 MB
/content/drive/MyDrive/ego4d_data/v1/omnivore_video_swinl_fp16/799cca28-da4a-463b-8ac6-f69a0b496c45.pt,File,14.34 MB
/content/drive/MyDrive/ego4d_data/v1/omnivore_video_swinl_fp16/c0048675-8810-46dc-af51-bca6471b68b1.pt,File,8.88 MB
/content/drive/MyDrive/ego4d_data/v1/omnivore_video_swinl_fp16/64f466e5-99c9-4ed5-89be-7ef74d0dfdd3.pt,File,3.89 MB
/content/drive/MyDrive/ego4d_data/v1/omnivore_video_swinl_fp16/2d1bf98e-a133-4f63-bc1d-91f718078a52.pt,File,4.05 MB
/content/drive/MyDrive/ego4d_data/v1/omnivore_video_swinl_fp16/53da674a-089d-428a-a719-e322b2de002b.pt,File,25.04 MB
/content/drive/MyDrive/ego4d_data/v1/omnivore_video_swinl_fp16/a77c0e56-3880-48bf-b6bf-9d46c6a42fc7.pt,File,88.35 MB
/content/drive/MyDrive/ego4d_data/v1/omnivore_video_swinl_fp16/79016c36-16cd-421e-a63a-c80a95b345b0.pt,File,18.11 MB
/content/drive/MyDrive/ego4d_data/v1/omnivore_video_swinl_fp16/4b5de875-cc82-494e-b768-8ac0ae3bb279.pt,File,10.84 MB
/content/drive/MyDrive/ego4d_data/v1/omnivore_video_swinl_fp16/cb8c7491-7751-49a6-9fca-257c38e971d1.pt,File,4.18 MB
/content/drive/MyDrive/ego4d_data/v1/omnivore_video_swinl_fp16/7b696849-45f1-460f-a550-d70dc212e8b7.pt,File,26.43 MB
/content/drive/MyDrive/ego4d_data/v1/omnivore_video_swinl_fp16/14644fba-afeb-471c-8d82-2a7783dc67c5.pt,File,7.03 MB
/content/drive/MyDrive/ego4d_data/v1/omnivore_video_swinl_fp16/dabcf717-b9f8-4547-b395-2745e2a45356.pt,File,2.20 MB
/content/drive/MyDrive/ego4d_data/v1/omnivore_video_swinl_fp16/f16d2f27-33eb-4510-a07e-0bb913c7f6b4.pt,File,12.99 MB
/content/drive/MyDrive/ego4d_data/v1/omnivore_video_swinl_fp16/8929cc82-46fc-4e81-9b06-5fe8ccd60496.pt,File,6.54 MB
/content/drive/MyDrive/ego4d_data/v1/omnivore_video_swinl_fp16/dea11d9b-46ad-4561-a9a7-a9c2f453723f.pt,File,5.84 MB
/content/drive/MyDrive/ego4d_data/v1/omnivore_video_swinl_fp16/5c16c4b4-8065-410a-8160-8da3b2d0e57e.pt,File,4.64 MB
/content/drive/MyDrive/ego4d_data/v1/omnivore_video_swinl_fp16/ecdc21d9-ee59-48ab-ae02-53e9aba05ef8.pt,File,6.28 MB
/content/drive/MyDrive/ego4d_data/v1/omnivore_video_swinl_fp16/7b5fafdb-136a-4722-84a4-cffb213a224a.pt,File,14.81 MB
/content/drive/MyDrive/ego4d_data/v1/omnivore_video_swinl_fp16/0fedfa42-bfda-47c1-8f59-2c91b2c229fe.pt,File,20.51 MB
/content/drive/MyDrive/ego4d_data/v1/omnivore_video_swinl_fp16/41513f7d-7445-4b72-a33c-bfcdb999b3be.pt,File,10.14 MB
/content/drive/MyDrive/ego4d_data/v1/omnivore_video_swinl_fp16/6bc12612-2c12-4938-a394-c65de370a159.pt,File,12.73 MB
/content/drive/MyDrive/ego4d_data/v1/omnivore_video_swinl_fp16/30805f57-8f23-4d41-91a0-19d248a62c1d.pt,File,8.85 MB
/content/drive/MyDrive/ego4d_data/v1/omnivore_video_swinl_fp16/89205677-d7b0-4cf5-87b3-e446be0cd987.pt,File,66.00 MB
/content/drive/MyDrive/ego4d_data/v1/omnivore_video_swinl_fp16/477feff8-a1ff-4f43-b726-273ca0fa47e9.pt,File,11.16 MB
/content/drive/MyDrive/ego4d_data/v1/omnivore_video_swinl_fp16/a4375d98-e295-4e7d-a718-d8af066e3d57.pt,File,9.39 MB
/content/drive/MyDrive/ego4d_data/v1/omnivore_video_swinl_fp16/000a3525-6c98-4650-aaab-be7d2c7b9402.pt,File,120.73 KB
/content/drive/MyDrive/ego4d_data/v1/omnivore_video_swinl_fp16/02cf2e59-26be-43be-a4d9-7d6cbcfd0898.pt,File,19.69 MB
/content/drive/MyDrive/ego4d_data/v1/omnivore_video_swinl_fp16/2c84e6a0-2a0b-4de8-ae99-aedbc871dffa.pt,File,11.12 MB
/content/drive/MyDrive/ego4d_data/v1/omnivore_video_swinl_fp16/48f344b2-67e5-46ad-9eac-a995b24dcbc7.pt,File,17.04 MB
/content/drive/MyDrive/ego4d_data/v1/omnivore_video_swinl_fp16/3663482b-968f-4956-8fb8-0b127a4233ec.pt,File,22.47 MB
/content/drive/MyDrive/ego4d_data/v1/omnivore_video_swinl_fp16/5fa671a8-c6c9-40bc-9d3d-f97d94133965.pt,File,19.86 MB
/content/drive/MyDrive/ego4d_data/v1/omnivore_video_swinl_fp16/06456897-960d-4d0c-8ce2-cd50a5a57bc3.pt,File,17.20 MB
/content/drive/MyDrive/ego4d_data/v1/omnivore_video_swinl_fp16/15ce76af-7eb0-4d27-9289-c9c71863f603.pt,File,7.46 MB
/content/drive/MyDrive/ego4d_data/v1/omnivore_video_swinl_fp16/8996ece6-f2c1-49c4-aab7-fee6c30f2ca2.pt,File,10.95 MB
/content/drive/MyDrive/ego4d_data/v1/omnivore_video_swinl_fp16/3410d16d-3450-440c-bd3c-e8140e1facce.pt,File,19.09 MB
/content/drive/MyDrive/ego4d_data/v1/omnivore_video_swinl_fp16/134a4c63-583a-4e64-8cf9-002b6d26cdf1.pt,File,14.97 MB
/content/drive/MyDrive/ego4d_data/v1/omnivore_video_swinl_fp16/a5d416f3-723a-4181-8ed3-3e3c97a4cd3c.pt,File,13.04 MB
/content/drive/MyDrive/ego4d_data/v1/omnivore_video_swinl_fp16/5f7e3f1e-f4db-461e-8344-c8f130985635.pt,File,25.13 MB
/content/drive/MyDrive/ego4d_data/v1/omnivore_video_swinl_fp16/1c726086-c51a-421b-bb62-d1125db4bfe5.pt,File,22.21 MB
/content/drive/MyDrive/ego4d_data/v1/omnivore_video_swinl_fp16/9c2f095e-3451-4376-a1ea-e6b504b8a8d2.pt,File,14.83 MB
/content/drive/MyDrive/ego4d_data/v1/omnivore_video_swinl_fp16/fb5ca588-ca6d-48f4-b906-050c80363225.pt,File,1.90 MB
/content/drive/MyDrive/ego4d_data/v1/omnivore_video_swinl_fp16/02995fb6-f8ac-4168-a60d-8a0b1a7210bd.pt,File,5.80 MB
/content/drive/MyDrive/ego4d_data/v1/omnivore_video_swinl_fp16/4e5663cd-24ba-4461-8d6f-665a45c97dfb.pt,File,3.43 MB
/content/drive/MyDrive/ego4d_data/v1/omnivore_video_swinl_fp16/ffb6dfc1-d2f9-45b1-8e25-2c7d0f32d635.pt,File,9.09 MB
/content/drive/MyDrive/ego4d_data/v1/omnivore_video_swinl_fp16/7989f7d6-cfc7-423d-829d-267456132dbd.pt,File,942.73 KB
/content/drive/MyDrive/ego4d_data/v1/omnivore_video_swinl_fp16/e340405d-89a6-4282-b12b-2bdd2b0681d9.pt,File,24.64 MB
/content/drive/MyDrive/ego4d_data/v1/omnivore_video_swinl_fp16/484249cf-8898-4d7a-bb1f-18bcbcf4dce9.pt,File,3.29 MB
/content/drive/MyDrive/ego4d_data/v1/omnivore_video_swinl_fp16/939dcf5d-c88c-4f93-b300-982adaff5ce3.pt,File,2.87 MB
/content/drive/MyDrive/ego4d_data/v1/omnivore_video_swinl_fp16/3ec84720-2ef4-4537-be8b-ecd37cbbb62b.pt,File,11.06 MB
/content/drive/MyDrive/ego4d_data/v1/omnivore_video_swinl_fp16/9a4ed30a-1535-4eaa-b9dc-40437b77f852.pt,File,9.02 MB
/content/drive/MyDrive/ego4d_data/v1/omnivore_video_swinl_fp16/71d7d352-00e1-455e-8779-90503c9404da.pt,File,12.04 MB
/content/drive/MyDrive/ego4d_data/v1/omnivore_video_swinl_fp16/b9616c31-3b51-4fea-9113-c0d5d7894beb.pt,File,312.73 KB
/content/drive/MyDrive/ego4d_data/v1/omnivore_video_swinl_fp16/6d9d3b31-334f-4710-8f66-8d9befde4665.pt,File,13.01 MB
/content/drive/MyDrive/ego4d_data/v1/omnivore_video_swinl_fp16/3906d25a-d0a4-4a7c-8906-a87cea106c66.pt,File,13.30 MB
/content/drive/MyDrive/ego4d_data/v1/omnivore_video_swinl_fp16/d38f271c-53f3-4771-8c17-a5157e723067.pt,File,12.49 MB
/content/drive/MyDrive/ego4d_data/v1/omnivore_video_swinl_fp16/fd06094f-8e2f-414c-9f66-3c99cd14a151.pt,File,37.03 MB
/content/drive/MyDrive/ego4d_data/v1/omnivore_video_swinl_fp16/e637b1ca-5ffb-40cb-9913-1177345a81e5.pt,File,28.75 MB
/content/drive/MyDrive/ego4d_data/v1/omnivore_video_swinl_fp16/e4259a99-fd9f-437b-b887-3d671e32d4f0.pt,File,32.38 MB
/content/drive/MyDrive/ego4d_data/v1/omnivore_video_swinl_fp16/8c730e66-aa1b-4a0b-a4ee-db42b1b41f96.pt,File,81.37 MB
/content/drive/MyDrive/ego4d_data/v1/omnivore_video_swinl_fp16/5c0cd8bd-21ae-4e5b-91ed-b3142af3c50f.pt,File,8.62 MB
/content/drive/MyDrive/ego4d_data/v1/omnivore_video_swinl_fp16/2d29b45a-169b-453f-8050-98ec147b0ccf.pt,File,11.80 MB
/content/drive/MyDrive/ego4d_data/v1/omnivore_video_swinl_fp16/14d6ec93-4a74-4776-8837-abe5a305271f.pt,File,5.30 MB
/content/drive/MyDrive/ego4d_data/v1/omnivore_video_swinl_fp16/f33dd5b7-ac69-4082-b152-a2db14b3a8cf.pt,File,26.11 MB
/content/drive/MyDrive/ego4d_data/v1/omnivore_video_swinl_fp16/c70d130e-4696-41a0-b727-c1b71808038a.pt,File,7.10 MB
/content/drive/MyDrive/ego4d_data/v1/omnivore_video_swinl_fp16/ab22264a-91ce-4c3f-96b0-e6405a46f92f.pt,File,7.95 MB
/content/drive/MyDrive/ego4d_data/v1/omnivore_video_swinl_fp16/c5c0dc6e-f414-490c-b9ec-1d36852e95d1.pt,File,4.01 MB
/content/drive/MyDrive/ego4d_data/v1/omnivore_video_swinl_fp16/fe4ee880-6cae-4f62-9d4b-fda767dda6bf.pt,File,3.72 MB
/content/drive/MyDrive/ego4d_data/v1/omnivore_video_swinl_fp16/6fd026d8-b68c-46bc-93de-ccfa08809a9d.pt,File,10.41 MB
/content/drive/MyDrive/ego4d_data/v1/omnivore_video_swinl_fp16/02d1f024-1470-4ce6-acde-b938f7847eb6.pt,File,6.96 MB
/content/drive/MyDrive/ego4d_data/v1/omnivore_video_swinl_fp16/a0705b91-51b7-489d-8b7d-09282f85db6e.pt,File,17.68 MB
/content/drive/MyDrive/ego4d_data/v1/omnivore_video_swinl_fp16/7f0320b1-b866-4c80-99bf-42125d99b99e.pt,File,6.12 MB
/content/drive/MyDrive/ego4d_data/v1/omnivore_video_swinl_fp16/8698a0ea-f434-49f9-a8e4-45220e5d4b2c.pt,File,6.79 MB
/content/drive/MyDrive/ego4d_data/v1/omnivore_video_swinl_fp16/504315c0-17fd-4259-9d2c-fd2b25fdcbea.pt,File,7.01 MB
/content/drive/MyDrive/ego4d_data/v1/omnivore_video_swinl_fp16/c7d5d40f-840c-4be0-b79d-ab41394479a2.pt,File,6.28 MB
/content/drive/MyDrive/ego4d_data/v1/omnivore_video_swinl_fp16/570fc280-231c-4a3e-99c2-12eefed1c122.pt,File,22.67 MB
/content/drive/MyDrive/ego4d_data/v1/omnivore_video_swinl_fp16/4e08833b-5ba6-43e5-aab0-9f8063de5326.pt,File,11.66 MB
/content/drive/MyDrive/ego4d_data/v1/omnivore_video_swinl_fp16/f3a9685f-0238-45a8-b7f5-30660e4d3acf.pt,File,6.81 MB
/content/drive/MyDrive/ego4d_data/v1/omnivore_video_swinl_fp16/f7268471-d166-4596-af48-6faf6d9ee380.pt,File,5.08 MB
/content/drive/MyDrive/ego4d_data/v1/omnivore_video_swinl_fp16/b71166c2-c723-4f91-89b7-3a484e14079e.pt,File,12.66 MB
/content/drive/MyDrive/ego4d_data/v1/omnivore_video_swinl_fp16/f9ee14ba-828c-44dc-9071-e972cf2315c2.pt,File,2.15 MB
/content/drive/MyDrive/ego4d_data/v1/omnivore_video_swinl_fp16/ae9cb412-7b93-49ae-bb46-306dc74d5fe3.pt,File,9.71 MB
/content/drive/MyDrive/ego4d_data/v1/omnivore_video_swinl_fp16/31ea56e6-7a99-4b91-b74b-3b1e6de05e99.pt,File,10.00 MB
/content/drive/MyDrive/ego4d_data/v1/omnivore_video_swinl_fp16/3534864b-2289-4aaf-b3ed-10eeeee7acd2.pt,File,15.96 MB
/content/drive/MyDrive/ego4d_data/v1/omnivore_video_swinl_fp16/bea8cf53-5c59-4169-a161-b58aedb9f12a.pt,File,26.62 MB
/content/drive/MyDrive/ego4d_data/v1/omnivore_video_swinl_fp16/98fdad00-49db-478f-bc77-c7d06992882e.pt,File,6.91 MB
/content/drive/MyDrive/ego4d_data/v1/omnivore_video_swinl_fp16/c7d31de3-e2fc-4542-a318-7719a6922bb4.pt,File,12.72 MB
/content/drive/MyDrive/ego4d_data/v1/omnivore_video_swinl_fp16/50f3b696-607d-4a2b-964d-58f4ebd7f019.pt,File,30.17 MB
/content/drive/MyDrive/ego4d_data/v1/omnivore_video_swinl_fp16/ff46d5f7-ef0d-4dea-b121-c04ca6ba5a42.pt,File,492.73 KB
/content/drive/MyDrive/ego4d_data/v1/omnivore_video_swinl_fp16/ba23930c-cef7-4f3e-b5bb-8f0a4ae5b1e4.pt,File,16.97 MB
/content/drive/MyDrive/ego4d_data/v1/omnivore_video_swinl_fp16/f65d6186-b882-42c7-8660-3ceb7d75fc44.pt,File,29.06 MB
/content/drive/MyDrive/ego4d_data/v1/omnivore_video_swinl_fp16/24750088-4716-4e6e-85ea-6ecb3bd14eb6.pt,File,87.73 KB
/content/drive/MyDrive/ego4d_data/v1/omnivore_video_swinl_fp16/da413a89-ecdb-44b2-bb9c-09a6bd8396c6.pt,File,35.98 MB
/content/drive/MyDrive/ego4d_data/v1/omnivore_video_swinl_fp16/36bff607-9c5d-43f4-97d2-38ad79e5220c.pt,File,22.83 MB
/content/drive/MyDrive/ego4d_data/v1/omnivore_video_swinl_fp16/b999ac9b-d285-4f44-944a-a0795969ac51.pt,File,32.39 MB
/content/drive/MyDrive/ego4d_data/v1/omnivore_video_swinl_fp16/c69b6f81-4b03-44d5-a501-511cd4c6a615.pt,File,11.62 MB
/content/drive/MyDrive/ego4d_data/v1/omnivore_video_swinl_fp16/51fc7393-cb83-4178-9ade-6c7853a001e0.pt,File,15.09 MB
/content/drive/MyDrive/ego4d_data/v1/omnivore_video_swinl_fp16/b1ac8c7e-6b29-4196-a28b-e4e21b872ede.pt,File,24.49 MB
/content/drive/MyDrive/ego4d_data/v1/omnivore_video_swinl_fp16/4267a3f1-0903-4272-9085-3ef9364c288b.pt,File,14.15 MB
/content/drive/MyDrive/ego4d_data/v1/omnivore_video_swinl_fp16/65403036-df60-4ccb-ac72-2808b841665c.pt,File,3.89 MB
/content/drive/MyDrive/ego4d_data/v1/omnivore_video_swinl_fp16/0b8a87ed-07f2-4434-adde-a1c88f4bb30f.pt,File,996.73 KB
/content/drive/MyDrive/ego4d_data/v1/omnivore_video_swinl_fp16/281a7f2e-74e0-45b8-b0ca-6f03b58ac6d9.pt,File,3.18 MB
/content/drive/MyDrive/ego4d_data/v1/omnivore_video_swinl_fp16/461453ca-6e9d-4e59-82b1-3138e76b62a1.pt,File,20.19 MB
/content/drive/MyDrive/ego4d_data/v1/omnivore_video_swinl_fp16/98dc31a1-edbb-42d6-8d1c-0b43fe6f9c28.pt,File,4.57 MB
/content/drive/MyDrive/ego4d_data/v1/omnivore_video_swinl_fp16/a69ae4a8-8e1d-47c1-bbd0-de2bb4a33fca.pt,File,2.92 MB
/content/drive/MyDrive/ego4d_data/v1/omnivore_video_swinl_fp16/4cef0e73-9dbc-41d0-9b1a-bb655fb2a716.pt,File,9.90 MB
/content/drive/MyDrive/ego4d_data/v1/omnivore_video_swinl_fp16/1da766ee-3e09-4e46-9e0c-37b9919c1131.pt,File,600.73 KB
/content/drive/MyDrive/ego4d_data/v1/omnivore_video_swinl_fp16/89a95cd8-ca13-4edf-807e-d62138fd30e0.pt,File,19.81 MB
/content/drive/MyDrive/ego4d_data/v1/omnivore_video_swinl_fp16/17324963-0877-482d-a189-11cc2862095c.pt,File,18.56 MB
/content/drive/MyDrive/ego4d_data/v1/omnivore_video_swinl_fp16/a31c165c-9044-471a-962b-fec98b2da808.pt,File,2.35 MB
/content/drive/MyDrive/ego4d_data/v1/omnivore_video_swinl_fp16/2b5569df-5deb-4ebd-8a45-dd6524330eb8.pt,File,4.66 MB
/content/drive/MyDrive/ego4d_data/v1/omnivore_video_swinl_fp16/f265c11a-5b65-49e2-b77a-8735f2aa9a48.pt,File,10.31 MB
/content/drive/MyDrive/ego4d_data/v1/omnivore_video_swinl_fp16/62ca20e4-b289-47fc-b175-4ce77178de82.pt,File,6.37 MB
/content/drive/MyDrive/ego4d_data/v1/omnivore_video_swinl_fp16/670af94f-647f-448e-b219-1e424cc0d0f1.pt,File,4.49 MB
/content/drive/MyDrive/ego4d_data/v1/omnivore_video_swinl_fp16/ee3e83ac-28ad-4f6d-ab48-51d7a6b5e497.pt,File,3.95 MB
/content/drive/MyDrive/ego4d_data/v1/omnivore_video_swinl_fp16/6be77236-230f-4d9b-98d5-1cbf3be34023.pt,File,8.22 MB
/content/drive/MyDrive/ego4d_data/v1/omnivore_video_swinl_fp16/c003438a-eba5-430e-9f54-95a4d568e511.pt,File,34.87 MB
/content/drive/MyDrive/ego4d_data/v1/omnivore_video_swinl_fp16/f7aec252-bd4f-4696-8de5-ef7b871e2194.pt,File,9.25 MB
/content/drive/MyDrive/ego4d_data/v1/omnivore_video_swinl_fp16/982e2d58-f1a9-444b-9151-756a920dcd9e.pt,File,3.89 MB
/content/drive/MyDrive/ego4d_data/v1/omnivore_video_swinl_fp16/2f77c6e3-3751-44ea-887f-2c8caf9c6485.pt,File,14.00 MB
/content/drive/MyDrive/ego4d_data/v1/omnivore_video_swinl_fp16/24a02211-4687-49eb-b1e3-cf325e0629e7.pt,File,14.76 MB
/content/drive/MyDrive/ego4d_data/v1/omnivore_video_swinl_fp16/27e6c383-64b8-41c3-80ac-87c20d6e588b.pt,File,26.40 MB
/content/drive/MyDrive/ego4d_data/v1/omnivore_video_swinl_fp16/115774b6-534d-444f-b7aa-d1b834eb0ee7.pt,File,24.15 MB
/content/drive/MyDrive/ego4d_data/v1/omnivore_video_swinl_fp16/3e4ffe07-a54f-42b6-9a0b-b093adad26e8.pt,File,59.80 MB
/content/drive/MyDrive/ego4d_data/v1/omnivore_video_swinl_fp16/7f757982-5d25-4222-aa44-735c7475f0eb.pt,File,5.22 MB
/content/drive/MyDrive/ego4d_data/v1/omnivore_video_swinl_fp16/34de7377-879e-4f37-bd0a-9aab8593210f.pt,File,6.37 MB
/content/drive/MyDrive/ego4d_data/v1/omnivore_video_swinl_fp16/c8bac5e2-1c20-4fb6-9024-0659516b6772.pt,File,12.40 MB
/content/drive/MyDrive/ego4d_data/v1/omnivore_video_swinl_fp16/d6e25033-e0dd-47e0-8ef5-b0cb7ba56818.pt,File,10.54 MB
/content/drive/MyDrive/ego4d_data/v1/omnivore_video_swinl_fp16/f5b87541-3879-444f-be65-2b17f1d95735.pt,File,11.36 MB
/content/drive/MyDrive/ego4d_data/v1/omnivore_video_swinl_fp16/2c27b5f1-4af6-49ad-a43c-3efb0c150868.pt,File,7.86 MB
/content/drive/MyDrive/ego4d_data/v1/omnivore_video_swinl_fp16/ecb53665-3b24-416f-9a63-24030aed6f97.pt,File,13.67 MB
/content/drive/MyDrive/ego4d_data/v1/omnivore_video_swinl_fp16/3c503e88-f70f-4b36-b863-f0b96f5836fb.pt,File,8.99 MB
/content/drive/MyDrive/ego4d_data/v1/omnivore_video_swinl_fp16/f19d037c-2731-4f4f-a850-bfbcb20d6f68.pt,File,14.12 MB
/content/drive/MyDrive/ego4d_data/v1/omnivore_video_swinl_fp16/8d84ee2b-5dcb-4311-9769-a52e7b68d9e1.pt,File,2.68 MB
/content/drive/MyDrive/ego4d_data/v1/omnivore_video_swinl_fp16/ed432ff3-54f7-4fb9-9a67-80b4d43a076c.pt,File,4.70 MB
/content/drive/MyDrive/ego4d_data/v1/omnivore_video_swinl_fp16/a869bda3-4649-4b34-af9b-a0346f8c71ea.pt,File,6.32 MB
/content/drive/MyDrive/ego4d_data/v1/omnivore_video_swinl_fp16/25b2f1d5-7266-401c-bdfa-32944607f564.pt,File,11.64 MB
/content/drive/MyDrive/ego4d_data/v1/omnivore_video_swinl_fp16/55510a84-858b-4857-bb9f-6a923b5f7882.pt,File,2.24 MB
/content/drive/MyDrive/ego4d_data/v1/omnivore_video_swinl_fp16/b0bef990-651b-42f2-aa99-b11dcde5d678.pt,File,9.51 MB
/content/drive/MyDrive/ego4d_data/v1/omnivore_video_swinl_fp16/7cc97e6c-b934-4de3-a9ab-3dfa4a2d53d7.pt,File,8.53 MB
/content/drive/MyDrive/ego4d_data/v1/omnivore_video_swinl_fp16/7bb3ad7f-9bdd-4806-afd6-efb7aa7babbc.pt,File,25.05 MB
/content/drive/MyDrive/ego4d_data/v1/omnivore_video_swinl_fp16/fec55104-c8e2-4eae-93dc-26e5a929259e.pt,File,10.81 MB
/content/drive/MyDrive/ego4d_data/v1/omnivore_video_swinl_fp16/6b0e9740-14ac-45aa-993c-574bc25a4585.pt,File,9.62 MB
/content/drive/MyDrive/ego4d_data/v1/omnivore_video_swinl_fp16/1558e9f2-d7f3-4a23-9627-4240f506d7df.pt,File,11.50 MB
/content/drive/MyDrive/ego4d_data/v1/omnivore_video_swinl_fp16/60c1aa5a-9682-4576-826d-25a1e1075982.pt,File,19.69 MB
/content/drive/MyDrive/ego4d_data/v1/omnivore_video_swinl_fp16/bbd7f65a-71a8-4cd1-b685-7dbb4a5e5520.pt,File,513.73 KB
/content/drive/MyDrive/ego4d_data/v1/omnivore_video_swinl_fp16/99fa0600-e9a0-46bb-bb9c-15db7e3e7214.pt,File,10.05 MB
/content/drive/MyDrive/ego4d_data/v1/omnivore_video_swinl_fp16/6ac1d2ed-1f6b-4828-a1ab-f81c40bd5e80.pt,File,6.76 MB
/content/drive/MyDrive/ego4d_data/v1/omnivore_video_swinl_fp16/c6462f5c-2cff-4373-ba52-03e363c9d7d9.pt,File,14.83 MB
/content/drive/MyDrive/ego4d_data/v1/omnivore_video_swinl_fp16/2ca764bf-10d3-4a76-8ec2-e7eec63c6e34.pt,File,7.30 MB
/content/drive/MyDrive/ego4d_data/v1/omnivore_video_swinl_fp16/aa2cbed5-ae1f-44e3-9043-6e90826f387b.pt,File,2.68 MB
/content/drive/MyDrive/ego4d_data/v1/omnivore_video_swinl_fp16/689848c0-6488-4a4e-871c-c19d986532a4.pt,File,10.56 MB
/content/drive/MyDrive/ego4d_data/v1/omnivore_video_swinl_fp16/5dee22c5-2530-4703-9ed4-46cb13b6ad97.pt,File,50.26 MB
/content/drive/MyDrive/ego4d_data/v1/omnivore_video_swinl_fp16/db171065-a8a9-49f7-bc56-66879d228b30.pt,File,10.23 MB
/content/drive/MyDrive/ego4d_data/v1/omnivore_video_swinl_fp16/59815805-de31-4993-8f5e-f12b1537bcfc.pt,File,26.02 MB
/content/drive/MyDrive/ego4d_data/v1/omnivore_video_swinl_fp16/75141dec-d6b3-4e2e-a144-5a126abf7dac.pt,File,4.88 MB
/content/drive/MyDrive/ego4d_data/v1/omnivore_video_swinl_fp16/90a0c76e-f62f-4f49-888f-5478b6ccab5b.pt,File,3.01 MB
/content/drive/MyDrive/ego4d_data/v1/omnivore_video_swinl_fp16/f93bf4f8-08d1-4f94-8b5f-92fdd6b37e30.pt,File,8.47 MB
/content/drive/MyDrive/ego4d_data/v1/omnivore_video_swinl_fp16/b4f8496d-dc4a-483c-94e5-b0dabce47fc8.pt,File,8.37 MB
/content/drive/MyDrive/ego4d_data/v1/omnivore_video_swinl_fp16/4ce9f93b-f44c-46fe-9050-3452d2f39abb.pt,File,23.25 MB
/content/drive/MyDrive/ego4d_data/v1/omnivore_video_swinl_fp16/23ecfb5c-6d29-40a6-b070-5be19ba3e86f.pt,File,24.23 MB
/content/drive/MyDrive/ego4d_data/v1/omnivore_video_swinl_fp16/712ef11e-dc19-4fe1-ae66-0d9ec934196e.pt,File,20.27 MB
/content/drive/MyDrive/ego4d_data/v1/omnivore_video_swinl_fp16/cde41c4f-50d1-4910-9f2a-4c7b6987df92.pt,File,19.42 MB
/content/drive/MyDrive/ego4d_data/v1/omnivore_video_swinl_fp16/f522ce65-50a9-4119-9d49-57c32dea58f7.pt,File,8.76 MB
/content/drive/MyDrive/ego4d_data/v1/omnivore_video_swinl_fp16/ab070b36-def2-4ad7-a760-2a9ce29ce505.pt,File,3.89 MB
/content/drive/MyDrive/ego4d_data/v1/omnivore_video_swinl_fp16/7ed330db-f50c-4fc0-ae4c-0dcb7149cfe9.pt,File,7.28 MB
/content/drive/MyDrive/ego4d_data/v1/omnivore_video_swinl_fp16/c019e4c6-45f5-4e01-9e4f-6ec4712850ce.pt,File,6.16 MB
/content/drive/MyDrive/ego4d_data/v1/omnivore_video_swinl_fp16/65c16752-c157-4a21-9654-d980f8fdf36c.pt,File,3.14 MB
/content/drive/MyDrive/ego4d_data/v1/omnivore_video_swinl_fp16/227165a6-277b-451c-bcda-1d2cf60577ab.pt,File,5.34 MB
/content/drive/MyDrive/ego4d_data/v1/omnivore_video_swinl_fp16/c1b75b09-d3e8-4de4-996f-6c49d0efcd10.pt,File,16.96 MB
/content/drive/MyDrive/ego4d_data/v1/omnivore_video_swinl_fp16/88faccde-dd5d-4af2-b769-8f0547c2c6a3.pt,File,7.11 MB
/content/drive/MyDrive/ego4d_data/v1/omnivore_video_swinl_fp16/d5ac2685-a012-46fe-8bc9-5c21c07edb0a.pt,File,8.81 MB
/content/drive/MyDrive/ego4d_data/v1/omnivore_video_swinl_fp16/1ea5b82f-85ab-4b05-8c55-9cc9ce9b542a.pt,File,1.81 MB
/content/drive/MyDrive/ego4d_data/v1/omnivore_video_swinl_fp16/3f0bd238-228d-4796-a3e4-820308fb04b0.pt,File,2.92 MB
/content/drive/MyDrive/ego4d_data/v1/omnivore_video_swinl_fp16/f7f7d2ae-5d75-4447-934d-1573f95b8f81.pt,File,9.48 MB
/content/drive/MyDrive/ego4d_data/v1/omnivore_video_swinl_fp16/1bfe5ac2-cbf8-4364-8a30-60d97dd395df.pt,File,3.83 MB
/content/drive/MyDrive/ego4d_data/v1/omnivore_video_swinl_fp16/d8c48359-4f87-4b77-8297-b921d605fbbd.pt,File,1.30 MB
/content/drive/MyDrive/ego4d_data/v1/omnivore_video_swinl_fp16/4dd9015c-6d8c-4b64-b5ed-e284226b738a.pt,File,15.21 MB
/content/drive/MyDrive/ego4d_data/v1/omnivore_video_swinl_fp16/c50c5e7d-48d4-4a54-a64b-225abd3322b9.pt,File,3.17 MB
/content/drive/MyDrive/ego4d_data/v1/omnivore_video_swinl_fp16/e6d01674-2031-4073-8b5c-adef89cd96d1.pt,File,3.04 MB
/content/drive/MyDrive/ego4d_data/v1/omnivore_video_swinl_fp16/a7269289-c6ff-4022-a1a5-10b9341ae93e.pt,File,10.72 MB
/content/drive/MyDrive/ego4d_data/v1/omnivore_video_swinl_fp16/c8e1a3d0-517b-4553-9621-e14776992fde.pt,File,13.52 MB
/content/drive/MyDrive/ego4d_data/v1/omnivore_video_swinl_fp16/db00b25c-2900-4e86-89c7-d23bc96d46df.pt,File,699.73 KB
/content/drive/MyDrive/ego4d_data/v1/omnivore_video_swinl_fp16/5b8cb6f7-d2d6-471b-a710-6b2e27fa93b1.pt,File,9.11 MB
/content/drive/MyDrive/ego4d_data/v1/omnivore_video_swinl_fp16/42cb50e9-beec-45f2-83e5-048901ef65d3.pt,File,3.82 MB
/content/drive/MyDrive/ego4d_data/v1/omnivore_video_swinl_fp16/b75bf090-1439-4b11-862b-d1dadab7f854.pt,File,16.97 MB
/content/drive/MyDrive/ego4d_data/v1/omnivore_video_swinl_fp16/58b068dd-758f-43c7-8cd5-d17cc1aafb5a.pt,File,1.50 MB
/content/drive/MyDrive/ego4d_data/v1/omnivore_video_swinl_fp16/c7344db5-fc90-42b9-9dad-346dd3c5e4f0.pt,File,11.45 MB
/content/drive/MyDrive/ego4d_data/v1/omnivore_video_swinl_fp16/5ffb4038-585e-4fc5-85bf-84afaac2e599.pt,File,11.62 MB
/content/drive/MyDrive/ego4d_data/v1/omnivore_video_swinl_fp16/d582408a-1d49-4389-b3af-f5b374823c4f.pt,File,24.28 MB
/content/drive/MyDrive/ego4d_data/v1/omnivore_video_swinl_fp16/18e08efb-e95e-49cb-bc89-d7695d3a2ab9.pt,File,6.53 MB
/content/drive/MyDrive/ego4d_data/v1/omnivore_video_swinl_fp16/57f73c09-ea00-4890-88ee-deda5530cc53.pt,File,7.31 MB
/content/drive/MyDrive/ego4d_data/v1/omnivore_video_swinl_fp16/e5d94463-f292-451d-8d7c-0926001da4e1.pt,File,2.80 MB
/content/drive/MyDrive/ego4d_data/v1/omnivore_video_swinl_fp16/73139ac7-aa0a-4119-bf90-81a94a3f8c55.pt,File,1.92 MB
/content/drive/MyDrive/ego4d_data/v1/omnivore_video_swinl_fp16/caa582d2-0b56-4a75-893e-a3b727a448d0.pt,File,9.84 MB
/content/drive/MyDrive/ego4d_data/v1/omnivore_video_swinl_fp16/6a85ad1a-746c-45ac-b372-b677cb6e0a3d.pt,File,2.07 MB
/content/drive/MyDrive/ego4d_data/v1/omnivore_video_swinl_fp16/a2782998-77b3-47a5-ac62-ce483a420711.pt,File,8.78 MB
/content/drive/MyDrive/ego4d_data/v1/omnivore_video_swinl_fp16/291953b9-d7f3-403b-8b8a-7aa935847064.pt,File,6.66 MB
/content/drive/MyDrive/ego4d_data/v1/omnivore_video_swinl_fp16/dd02cb36-1265-40b4-b141-4e9f58c0d3b9.pt,File,3.58 MB
/content/drive/MyDrive/ego4d_data/v1/omnivore_video_swinl_fp16/8a933a23-55ff-42f2-8f86-c7746b2e09ac.pt,File,4.95 MB
/content/drive/MyDrive/ego4d_data/v1/omnivore_video_swinl_fp16/e0f24177-3542-4d00-93e5-94f03a856d5f.pt,File,5.84 MB
/content/drive/MyDrive/ego4d_data/v1/omnivore_video_swinl_fp16/d4d34e1f-6ff1-4ec2-a2fe-9c801aa9f8dd.pt,File,4.55 MB
/content/drive/MyDrive/ego4d_data/v1/omnivore_video_swinl_fp16/e4dc253e-e5be-4b1e-89c2-ab1a47c486b0.pt,File,17.44 MB
/content/drive/MyDrive/ego4d_data/v1/omnivore_video_swinl_fp16/ce2cf2f6-24aa-4195-93a6-f82b283815e6.pt,File,7.38 MB
/content/drive/MyDrive/ego4d_data/v1/omnivore_video_swinl_fp16/d2222009-a717-4b16-91ce-6399c5bb798a.pt,File,672.73 KB
/content/drive/MyDrive/ego4d_data/v1/omnivore_video_swinl_fp16/6070d9d1-9962-49f3-8ac7-4e29ca07e104.pt,File,9.69 MB
/content/drive/MyDrive/ego4d_data/v1/omnivore_video_swinl_fp16/6ac9ce64-b53e-40b6-b282-a9881da75f49.pt,File,12.96 MB
/content/drive/MyDrive/ego4d_data/v1/omnivore_video_swinl_fp16/70e81c43-3bf3-4a3c-81df-16f5108a6918.pt,File,9.41 MB
/content/drive/MyDrive/ego4d_data/v1/omnivore_video_swinl_fp16/51617b89-1624-465a-8aa5-f664e29d7771.pt,File,12.99 MB
/content/drive/MyDrive/ego4d_data/v1/omnivore_video_swinl_fp16/665e6ab8-fc69-46e4-bc40-cf2607de32fc.pt,File,29.22 MB
/content/drive/MyDrive/ego4d_data/v1/omnivore_video_swinl_fp16/42c4f68b-e0f5-4c83-8de3-bda993ae3a16.pt,File,3.01 MB
/content/drive/MyDrive/ego4d_data/v1/omnivore_video_swinl_fp16/86172d5d-9673-4d94-b663-d9ddc775a313.pt,File,855.73 KB
/content/drive/MyDrive/ego4d_data/v1/omnivore_video_swinl_fp16/4c7e1e67-a4ad-46d1-af91-caa8afe3e1c8.pt,File,20.78 MB
/content/drive/MyDrive/ego4d_data/v1/omnivore_video_swinl_fp16/df77aa22-b198-4081-a10b-940bcd3639d5.pt,File,31.65 MB
/content/drive/MyDrive/ego4d_data/v1/omnivore_video_swinl_fp16/9efbc0ef-4d0a-41ae-ad37-74f530ceeff0.pt,File,1.52 MB
/content/drive/MyDrive/ego4d_data/v1/omnivore_video_swinl_fp16/819320a3-8c5d-4d15-b0ec-942eab4d57a7.pt,File,5.64 MB
/content/drive/MyDrive/ego4d_data/v1/omnivore_video_swinl_fp16/e57140cd-b6d6-4355-a962-1146e0635a95.pt,File,10.31 MB
/content/drive/MyDrive/ego4d_data/v1/omnivore_video_swinl_fp16/6815d77e-72e5-465f-a82f-81cb9aabfce2.pt,File,7.26 MB
/content/drive/MyDrive/ego4d_data/v1/omnivore_video_swinl_fp16/46fe43da-974a-4212-ad44-b98c30296909.pt,File,21.29 MB
/content/drive/MyDrive/ego4d_data/v1/omnivore_video_swinl_fp16/81267cd9-243f-4ec6-bd2e-bfaeaf334526.pt,File,804.73 KB
/content/drive/MyDrive/ego4d_data/v1/omnivore_video_swinl_fp16/d60ab94d-8e10-40a5-8ba1-bfb154a3c842.pt,File,21.66 MB
/content/drive/MyDrive/ego4d_data/v1/omnivore_video_swinl_fp16/b79a27cf-4e81-4ae1-8cf8-029711cb1bb7.pt,File,8.15 MB
/content/drive/MyDrive/ego4d_data/v1/omnivore_video_swinl_fp16/5cc3a1f3-a94a-4389-b3a0-5b53c629e0e6.pt,File,23.25 MB
/content/drive/MyDrive/ego4d_data/v1/omnivore_video_swinl_fp16/9b316b36-7f09-450d-b397-1961723fefb7.pt,File,29.18 MB
/content/drive/MyDrive/ego4d_data/v1/omnivore_video_swinl_fp16/0836e1a4-11e6-4b31-bd39-f8e083fdadb3.pt,File,16.74 MB
/content/drive/MyDrive/ego4d_data/v1/omnivore_video_swinl_fp16/95f5a981-f5e8-40b9-bcd5-734c0a6a82a5.pt,File,2.75 MB
/content/drive/MyDrive/ego4d_data/v1/omnivore_video_swinl_fp16/52925c77-6be9-4953-9a06-993110acf76d.pt,File,5.84 MB
/content/drive/MyDrive/ego4d_data/v1/omnivore_video_swinl_fp16/48bba3dc-4134-43e9-b30c-20add38bfcc6.pt,File,17.68 MB
/content/drive/MyDrive/ego4d_data/v1/omnivore_video_swinl_fp16/dd28584f-13e1-4fd9-97c1-0cc9a2313868.pt,File,20.48 MB
/content/drive/MyDrive/ego4d_data/v1/omnivore_video_swinl_fp16/9a0a2d01-c4e0-4e30-8a69-642070d59ea9.pt,File,10.24 MB
/content/drive/MyDrive/ego4d_data/v1/omnivore_video_swinl_fp16/bdbeaad4-212d-4c45-8a32-e6c5f852f0ee.pt,File,6.78 MB
/content/drive/MyDrive/ego4d_data/v1/omnivore_video_swinl_fp16/1e5bd816-e1dd-43d3-8709-42c83114dc7c.pt,File,58.57 MB
/content/drive/MyDrive/ego4d_data/v1/omnivore_video_swinl_fp16/22f68c6a-b8dd-44e6-b1fe-d4e619e72f59.pt,File,8.76 MB
/content/drive/MyDrive/ego4d_data/v1/omnivore_video_swinl_fp16/1a58c3e1-e04c-40eb-974b-379773a18736.pt,File,5.95 MB
/content/drive/MyDrive/ego4d_data/v1/omnivore_video_swinl_fp16/9d2ec4ad-945f-4614-b41f-24260de662f6.pt,File,9.40 MB
/content/drive/MyDrive/ego4d_data/v1/omnivore_video_swinl_fp16/160998d4-b15c-4b72-9df8-a22691480d3e.pt,File,5.83 MB
/content/drive/MyDrive/ego4d_data/v1/omnivore_video_swinl_fp16/4d24d57d-96ba-4ea1-9542-ee0520d20d3e.pt,File,11.06 MB
/content/drive/MyDrive/ego4d_data/v1/omnivore_video_swinl_fp16/f576f1bf-5433-488b-8833-8320f087e72b.pt,File,7.17 MB
/content/drive/MyDrive/ego4d_data/v1/omnivore_video_swinl_fp16/127392a3-036a-4af6-9db9-ca00141229db.pt,File,3.70 MB
/content/drive/MyDrive/ego4d_data/v1/omnivore_video_swinl_fp16/913b4f05-ec61-409a-bdef-f3c1cc0f6ae0.pt,File,6.93 MB
/content/drive/MyDrive/ego4d_data/v1/omnivore_video_swinl_fp16/0ee70fb4-ac6d-4da8-80e6-f5a94834eb10.pt,File,20.13 MB
/content/drive/MyDrive/ego4d_data/v1/omnivore_video_swinl_fp16/aa7bf4c1-0482-42c0-9d78-088870225045.pt,File,17.44 MB
/content/drive/MyDrive/ego4d_data/v1/omnivore_video_swinl_fp16/776749e2-dbd3-46f9-95f9-d20c431f4749.pt,File,6.97 MB
/content/drive/MyDrive/ego4d_data/v1/omnivore_video_swinl_fp16/4ddc86f9-f3a5-4a0b-83f0-9c690b7cc1ad.pt,File,8.43 MB
/content/drive/MyDrive/ego4d_data/v1/omnivore_video_swinl_fp16/bb27951a-7459-4d36-974e-e432c7de069b.pt,File,21.77 MB
/content/drive/MyDrive/ego4d_data/v1/omnivore_video_swinl_fp16/aeadb544-fd9f-4bb8-bfbd-fbefd899ec8e.pt,File,7.73 MB
/content/drive/MyDrive/ego4d_data/v1/omnivore_video_swinl_fp16/4bed357e-d721-4ab4-b1ba-9d68fcfdfd27.pt,File,10.38 MB
/content/drive/MyDrive/ego4d_data/v1/omnivore_video_swinl_fp16/d78e3794-6f26-4e01-a2ce-08696774c056.pt,File,11.62 MB
/content/drive/MyDrive/ego4d_data/v1/omnivore_video_swinl_fp16/5d8ebbea-6371-4be5-b611-751fb49ec294.pt,File,10.67 MB
/content/drive/MyDrive/ego4d_data/v1/omnivore_video_swinl_fp16/b6ae365a-dd70-42c4-90d6-e0351778d991.pt,File,2.70 MB
/content/drive/MyDrive/ego4d_data/v1/omnivore_video_swinl_fp16/dc496391-e201-4f7a-a2b9-1aca69a171e7.pt,File,23.25 MB
/content/drive/MyDrive/ego4d_data/v1/omnivore_video_swinl_fp16/e97e49cd-bc8c-449d-8d8a-7b01ca6d322b.pt,File,1.42 MB
/content/drive/MyDrive/ego4d_data/v1/omnivore_video_swinl_fp16/52d94d3d-5e0b-4bdb-9048-55dcf06b4f9d.pt,File,5.25 MB
/content/drive/MyDrive/ego4d_data/v1/omnivore_video_swinl_fp16/1120c597-930c-49b7-8a61-f0dce9c31be5.pt,File,1.17 MB
/content/drive/MyDrive/ego4d_data/v1/omnivore_video_swinl_fp16/bef14b04-44c1-49f2-8cdb-be497e0f94e9.pt,File,2.92 MB
/content/drive/MyDrive/ego4d_data/v1/omnivore_video_swinl_fp16/92f8142a-25aa-444a-ae37-43fae4f95f18.pt,File,4.92 MB
/content/drive/MyDrive/ego4d_data/v1/omnivore_video_swinl_fp16/b45f4164-7c7d-41fa-b71e-42fced56984c.pt,File,483.73 KB
/content/drive/MyDrive/ego4d_data/v1/omnivore_video_swinl_fp16/c864505c-9d49-4da4-bf7e-254b4c348c03.pt,File,10.76 MB
/content/drive/MyDrive/ego4d_data/v1/omnivore_video_swinl_fp16/a54d5238-31c1-4dad-af0d-9ea535dfb5f4.pt,File,3.79 MB
/content/drive/MyDrive/ego4d_data/v1/omnivore_video_swinl_fp16/d02bd0da-e84e-40b8-81d7-47106f1911ae.pt,File,3.69 MB
/content/drive/MyDrive/ego4d_data/v1/omnivore_video_swinl_fp16/8c1b30cd-f67f-479a-b723-7367528ccb8e.pt,File,6.17 MB
/content/drive/MyDrive/ego4d_data/v1/omnivore_video_swinl_fp16/5dcbcc43-6220-457a-8e79-36ef9997eb90.pt,File,2.22 MB
/content/drive/MyDrive/ego4d_data/v1/omnivore_video_swinl_fp16/7bca86ab-7327-4a38-8d2f-0a668da52f5d.pt,File,5.99 MB
/content/drive/MyDrive/ego4d_data/v1/omnivore_video_swinl_fp16/2bc60910-3a1f-4498-a579-a1bcf105aee7.pt,File,4.57 MB
/content/drive/MyDrive/ego4d_data/v1/omnivore_video_swinl_fp16/3d3f58f6-5055-4d70-aaf9-15cc853d7c5d.pt,File,5.32 MB
/content/drive/MyDrive/ego4d_data/v1/omnivore_video_swinl_fp16/ec2d5748-62ee-498d-a735-e5392a73bcbf.pt,File,18.19 MB
/content/drive/MyDrive/ego4d_data/v1/omnivore_video_swinl_fp16/3ef71673-7e7b-4a24-a5f7-a4e291a07601.pt,File,507.73 KB
/content/drive/MyDrive/ego4d_data/v1/omnivore_video_swinl_fp16/432cb803-6be5-47bc-8443-6bb5b9051667.pt,File,10.02 MB
/content/drive/MyDrive/ego4d_data/v1/omnivore_video_swinl_fp16/bbb1bf06-41f6-46e5-a051-3e75e724b2d7.pt,File,85.68 MB
/content/drive/MyDrive/ego4d_data/v1/omnivore_video_swinl_fp16/19931aba-710a-43d3-87d7-b23995d6f43d.pt,File,8.61 MB
/content/drive/MyDrive/ego4d_data/v1/omnivore_video_swinl_fp16/7844c399-e3ce-42f7-a31b-324d477217aa.pt,File,8.22 MB
/content/drive/MyDrive/ego4d_data/v1/omnivore_video_swinl_fp16/4d2bcd02-212e-4796-abaa-f4aa46b7ed10.pt,File,10.98 MB
/content/drive/MyDrive/ego4d_data/v1/omnivore_video_swinl_fp16/eaa817af-b7e0-4f0a-8156-73834cf1157b.pt,File,16.56 MB
/content/drive/MyDrive/ego4d_data/v1/omnivore_video_swinl_fp16/8a00f6f3-696f-4ec7-bc8b-d30f361eb9e0.pt,File,25.32 MB
/content/drive/MyDrive/ego4d_data/v1/omnivore_video_swinl_fp16/3fc288bb-1082-4ec5-96a7-75bb61144b11.pt,File,3.23 MB
/content/drive/MyDrive/ego4d_data/v1/omnivore_video_swinl_fp16/7e8d03f2-2ff9-431d-af81-e5ffcd954a63.pt,File,600.73 KB
/content/drive/MyDrive/ego4d_data/v1/omnivore_video_swinl_fp16/f89bdeab-5106-4c0c-91b6-ed010120bf18.pt,File,10.70 MB
/content/drive/MyDrive/ego4d_data/v1/omnivore_video_swinl_fp16/d36bb05b-2b9a-468c-93c1-7469aa559baf.pt,File,39.65 MB
/content/drive/MyDrive/ego4d_data/v1/omnivore_video_swinl_fp16/f0164f5d-c87e-4296-9e20-2166586c1ebd.pt,File,3.08 MB
/content/drive/MyDrive/ego4d_data/v1/omnivore_video_swinl_fp16/f6adc4c4-49f6-438d-959f-9b9382e0393f.pt,File,7.57 MB
/content/drive/MyDrive/ego4d_data/v1/omnivore_video_swinl_fp16/38802829-2f8b-4023-b00e-23c00570b820.pt,File,16.37 MB
/content/drive/MyDrive/ego4d_data/v1/omnivore_video_swinl_fp16/0cb95a59-008a-4087-b8dc-2299ded5617d.pt,File,1.54 MB
/content/drive/MyDrive/ego4d_data/v1/omnivore_video_swinl_fp16/a4eead21-a20a-45a3-9d6e-27318e60c997.pt,File,5.84 MB
/content/drive/MyDrive/ego4d_data/v1/omnivore_video_swinl_fp16/3e1e342d-a221-4c40-af4f-7ccd633b466a.pt,File,20.44 MB
/content/drive/MyDrive/ego4d_data/v1/omnivore_video_swinl_fp16/0ee1471a-eaf5-44aa-8b60-78b49d4dcb0e.pt,File,23.25 MB
/content/drive/MyDrive/ego4d_data/v1/omnivore_video_swinl_fp16/6b7c3181-e81f-4b75-a60b-92c6f0ba267e.pt,File,2.69 MB
/content/drive/MyDrive/ego4d_data/v1/omnivore_video_swinl_fp16/21a832b1-6286-429e-b21b-dcf536016280.pt,File,1.92 MB
/content/drive/MyDrive/ego4d_data/v1/omnivore_video_swinl_fp16/44f4d3f3-728f-4013-9371-8e7d8b9408a1.pt,File,7.65 MB
/content/drive/MyDrive/ego4d_data/v1/omnivore_video_swinl_fp16/aeb57aaf-58cb-4402-bd6a-1c44f530c0b8.pt,File,5.29 MB
/content/drive/MyDrive/ego4d_data/v1/omnivore_video_swinl_fp16/bf23976b-9daf-4de3-bc9e-a0c4d19bb93c.pt,File,477.73 KB
/content/drive/MyDrive/ego4d_data/v1/omnivore_video_swinl_fp16/2e160c88-209f-4bb2-90d4-e7edf5664bce.pt,File,17.44 MB
/content/drive/MyDrive/ego4d_data/v1/omnivore_video_swinl_fp16/9b8e8dc6-4069-4ef4-b8b2-edeb76894d53.pt,File,3.89 MB
/content/drive/MyDrive/ego4d_data/v1/omnivore_video_swinl_fp16/8327741f-773a-4868-902b-0fe25708e0b9.pt,File,9.44 MB
/content/drive/MyDrive/ego4d_data/v1/omnivore_video_swinl_fp16/fcc1b592-f210-4e4a-a2e4-2dd811ae9b2b.pt,File,5.18 MB
/content/drive/MyDrive/ego4d_data/v1/omnivore_video_swinl_fp16/b940de2b-5fa2-4f37-badc-a42a39919a65.pt,File,4.98 MB
/content/drive/MyDrive/ego4d_data/v1/omnivore_video_swinl_fp16/6c03be74-4692-4e3e-8eab-01f9f8e0d3ba.pt,File,6.88 MB
/content/drive/MyDrive/ego4d_data/v1/omnivore_video_swinl_fp16/0e6fb738-05fc-4dd5-9746-a8e10efe8c20.pt,File,19.34 MB
/content/drive/MyDrive/ego4d_data/v1/omnivore_video_swinl_fp16/e8657b65-be92-401d-a8d8-2fa32cb861c0.pt,File,6.39 MB
/content/drive/MyDrive/ego4d_data/v1/omnivore_video_swinl_fp16/29928d46-5209-4d00-9fbf-b5c056845ded.pt,File,6.11 MB
/content/drive/MyDrive/ego4d_data/v1/omnivore_video_swinl_fp16/70c8bd4f-bfe1-4fb5-82ad-7d763cc28935.pt,File,4.83 MB
/content/drive/MyDrive/ego4d_data/v1/omnivore_video_swinl_fp16/946c850d-de94-4056-8c44-abce8f395a04.pt,File,9.68 MB
/content/drive/MyDrive/ego4d_data/v1/omnivore_video_swinl_fp16/3ae87694-c71b-4564-9aea-8d65ba9cc19d.pt,File,1.07 MB
/content/drive/MyDrive/ego4d_data/v1/omnivore_video_swinl_fp16/a348f979-bf8f-4ff7-9fc1-8d2c370a6021.pt,File,14.60 MB
/content/drive/MyDrive/ego4d_data/v1/omnivore_video_swinl_fp16/fa21a282-6099-45cd-a4a7-39daf7973ec0.pt,File,9.81 MB
/content/drive/MyDrive/ego4d_data/v1/omnivore_video_swinl_fp16/3d3efb83-4b41-41e3-94db-50f0f22e67ef.pt,File,30.46 MB
/content/drive/MyDrive/ego4d_data/v1/omnivore_video_swinl_fp16/18253dbb-ef51-4e82-a068-c704348186bd.pt,File,10.40 MB
/content/drive/MyDrive/ego4d_data/v1/omnivore_video_swinl_fp16/952f40df-b1d7-4562-afe4-2a4ff569e949.pt,File,16.22 MB
/content/drive/MyDrive/ego4d_data/v1/omnivore_video_swinl_fp16/e0949d28-4751-46cb-8e5e-b65f2c623c55.pt,File,723.73 KB
/content/drive/MyDrive/ego4d_data/v1/omnivore_video_swinl_fp16/777af83e-b317-4904-8851-9fa92a8d0d0b.pt,File,9.53 MB
/content/drive/MyDrive/ego4d_data/v1/omnivore_video_swinl_fp16/921a4136-c38e-4491-8215-dde41aacdb7c.pt,File,4.35 MB
/content/drive/MyDrive/ego4d_data/v1/omnivore_video_swinl_fp16/cd8282c8-528e-4da8-97d2-2987ca818ff0.pt,File,3.94 MB
/content/drive/MyDrive/ego4d_data/v1/omnivore_video_swinl_fp16/1348c9f9-fc8b-40c7-b1ab-5b6281e5d390.pt,File,5.80 MB
/content/drive/MyDrive/ego4d_data/v1/omnivore_video_swinl_fp16/f938bcd9-bf30-4dfb-9a99-d6b9ee53c046.pt,File,2.40 MB
/content/drive/MyDrive/ego4d_data/v1/omnivore_video_swinl_fp16/81cd38d9-a5de-4f5d-ba45-12c58d7740ad.pt,File,1.13 MB
/content/drive/MyDrive/ego4d_data/v1/omnivore_video_swinl_fp16/b5c3c1e3-7ee7-4b4a-b938-4d008d5aa49b.pt,File,10.20 MB
/content/drive/MyDrive/ego4d_data/v1/omnivore_video_swinl_fp16/c175b751-9108-4d84-91f3-0830c6615c18.pt,File,29.06 MB
/content/drive/MyDrive/ego4d_data/v1/omnivore_video_swinl_fp16/5f2be256-1298-4876-a310-cc9c7e80774a.pt,File,6.71 MB
/content/drive/MyDrive/ego4d_data/v1/omnivore_video_swinl_fp16/abbc5555-7816-4288-8d4d-f42b0683fc44.pt,File,5.07 MB
/content/drive/MyDrive/ego4d_data/v1/omnivore_video_swinl_fp16/34075e2a-e987-4af1-ad04-f2f4d3ae97ab.pt,File,1.60 MB
/content/drive/MyDrive/ego4d_data/v1/omnivore_video_swinl_fp16/099f6f96-5aa7-4da8-a5e0-2e8bc03beee6.pt,File,7.21 MB
/content/drive/MyDrive/ego4d_data/v1/omnivore_video_swinl_fp16/fac12c04-2d7a-4d3a-91da-f3bdbd15af89.pt,File,6.65 MB
/content/drive/MyDrive/ego4d_data/v1/omnivore_video_swinl_fp16/e0b22a37-836a-4231-a5ec-98114c311d32.pt,File,639.73 KB
/content/drive/MyDrive/ego4d_data/v1/omnivore_video_swinl_fp16/521fdc77-c206-4e2e-9bc0-8c7c5e25beac.pt,File,5.84 MB
/content/drive/MyDrive/ego4d_data/v1/omnivore_video_swinl_fp16/d57f96f7-0a4c-4140-8806-45cbc9eb0483.pt,File,20.04 MB
/content/drive/MyDrive/ego4d_data/v1/omnivore_video_swinl_fp16/97e4effd-1b19-4e02-982d-692f8cb21b9f.pt,File,2.92 MB
/content/drive/MyDrive/ego4d_data/v1/omnivore_video_swinl_fp16/f5be7dbd-084b-426d-9c06-a1302f5554ee.pt,File,612.73 KB
/content/drive/MyDrive/ego4d_data/v1/omnivore_video_swinl_fp16/26c14ff0-1c00-44f5-98e0-59437a50f4b1.pt,File,6.33 MB
/content/drive/MyDrive/ego4d_data/v1/omnivore_video_swinl_fp16/f0917e7a-e945-473d-95a6-12a1b4cb4e27.pt,File,23.25 MB
/content/drive/MyDrive/ego4d_data/v1/omnivore_video_swinl_fp16/25eca07b-a5e2-433e-b7c0-24b5d8e153de.pt,File,11.46 MB
/content/drive/MyDrive/ego4d_data/v1/omnivore_video_swinl_fp16/6da668d8-5614-4627-b128-ca748c6931a7.pt,File,19.47 MB
/content/drive/MyDrive/ego4d_data/v1/omnivore_video_swinl_fp16/7dd8f1d3-c197-48cd-81cf-d46d9390920f.pt,File,4.06 MB
/content/drive/MyDrive/ego4d_data/v1/omnivore_video_swinl_fp16/3f4bc54e-cddd-4255-973a-e9717de113dd.pt,File,639.73 KB
/content/drive/MyDrive/ego4d_data/v1/omnivore_video_swinl_fp16/ad7777e5-6aa4-42d8-ba65-bbe34b06afe5.pt,File,34.98 MB
/content/drive/MyDrive/ego4d_data/v1/omnivore_video_swinl_fp16/572fee00-5bc2-46ed-97df-ad046a0d0fce.pt,File,1.16 MB
/content/drive/MyDrive/ego4d_data/v1/omnivore_video_swinl_fp16/8d3ac72b-5e56-4bb8-9fb2-7b57c8c9f530.pt,File,22.57 MB
/content/drive/MyDrive/ego4d_data/v1/omnivore_video_swinl_fp16/44f4b12f-c41d-48cf-bbc9-05707873bba6.pt,File,702.73 KB
/content/drive/MyDrive/ego4d_data/v1/omnivore_video_swinl_fp16/38a1e1f1-b490-4ce2-97e1-2fa7305ac3db.pt,File,14.60 MB
/content/drive/MyDrive/ego4d_data/v1/omnivore_video_swinl_fp16/9110494f-6161-4b4a-bc98-24edeb529ccd.pt,File,528.73 KB
/content/drive/MyDrive/ego4d_data/v1/omnivore_video_swinl_fp16/bc07c7cb-4747-47ce-89d9-4c135345ff96.pt,File,5.43 MB
/content/drive/MyDrive/ego4d_data/v1/omnivore_video_swinl_fp16/622ab8aa-21f8-4ad0-99c3-7f4876850df7.pt,File,14.82 MB
/content/drive/MyDrive/ego4d_data/v1/omnivore_video_swinl_fp16/7152d311-7801-487c-a6ed-a746e6abaa1f.pt,File,4.01 MB
/content/drive/MyDrive/ego4d_data/v1/omnivore_video_swinl_fp16/aaa740da-6986-45aa-8445-0280ee36cded.pt,File,2.74 MB
/content/drive/MyDrive/ego4d_data/v1/omnivore_video_swinl_fp16/36420847-b741-4b86-9a31-3a5bb4e296bc.pt,File,28.38 MB
/content/drive/MyDrive/ego4d_data/v1/omnivore_video_swinl_fp16/e4ab68fe-3560-4dc1-8dbf-f8d4df39f770.pt,File,7.16 MB
/content/drive/MyDrive/ego4d_data/v1/omnivore_video_swinl_fp16/ac8c7637-09fd-4c9a-b7bb-df08a501922f.pt,File,1.19 MB
/content/drive/MyDrive/ego4d_data/v1/omnivore_video_swinl_fp16/ef8b6116-b6a1-43a2-b84c-4e261918e2bc.pt,File,7.01 MB
/content/drive/MyDrive/ego4d_data/v1/omnivore_video_swinl_fp16/8ea8bd4d-8778-4a0e-81aa-3f34044ce7ca.pt,File,4.96 MB
/content/drive/MyDrive/ego4d_data/v1/omnivore_video_swinl_fp16/2fd1837a-613b-48af-9ad2-0222f8fd6b69.pt,File,11.46 MB
/content/drive/MyDrive/ego4d_data/v1/omnivore_video_swinl_fp16/18d704a0-736d-4423-9d1e-ceaea3423d93.pt,File,13.73 MB
/content/drive/MyDrive/ego4d_data/v1/omnivore_video_swinl_fp16/7771192d-94f0-451e-9e64-ddd49fe85cea.pt,File,11.87 MB
/content/drive/MyDrive/ego4d_data/v1/omnivore_video_swinl_fp16/5cae3bb3-1e1e-4b9f-82e8-87dbaad8f73d.pt,File,2.92 MB
/content/drive/MyDrive/ego4d_data/v1/omnivore_video_swinl_fp16/7945525f-4496-40df-b633-e75d88a3d86c.pt,File,11.62 MB
/content/drive/MyDrive/ego4d_data/v1/omnivore_video_swinl_fp16/f3371664-e805-42ed-8a6d-964559a70ee8.pt,File,1.37 MB
/content/drive/MyDrive/ego4d_data/v1/omnivore_video_swinl_fp16/8681962d-9eef-482c-bed3-30c26cb75c3a.pt,File,1.87 MB
/content/drive/MyDrive/ego4d_data/v1/omnivore_video_swinl_fp16/114c1877-5b5b-4ca3-9399-bd535d55669a.pt,File,2.72 MB
/content/drive/MyDrive/ego4d_data/v1/omnivore_video_swinl_fp16/e04cd16e-ac93-406c-9b60-ec7e956e9d32.pt,File,24.83 MB
/content/drive/MyDrive/ego4d_data/v1/omnivore_video_swinl_fp16/a66d4dd8-ecf5-45fd-824c-267ea2440c67.pt,File,29.06 MB
/content/drive/MyDrive/ego4d_data/v1/omnivore_video_swinl_fp16/2911c0de-45ad-488a-a8e7-a445d37568ad.pt,File,7.75 MB
/content/drive/MyDrive/ego4d_data/v1/omnivore_video_swinl_fp16/2409a5a7-a4ed-4fcb-ad77-024dc20988ca.pt,File,3.89 MB
/content/drive/MyDrive/ego4d_data/v1/omnivore_video_swinl_fp16/0fbf42b1-23ed-4a2b-ad71-ab438b45e0d2.pt,File,7.63 MB
/content/drive/MyDrive/ego4d_data/v1/omnivore_video_swinl_fp16/9155f5b9-6235-484f-990d-fbd3010a791e.pt,File,13.61 MB
/content/drive/MyDrive/ego4d_data/v1/omnivore_video_swinl_fp16/cc3d4fcf-ef86-4796-9a89-5c49b3b32cd2.pt,File,7.13 MB
/content/drive/MyDrive/ego4d_data/v1/omnivore_video_swinl_fp16/da32ff6e-27b2-47e6-b38f-dbf7a36b5f4d.pt,File,3.70 MB
/content/drive/MyDrive/ego4d_data/v1/omnivore_video_swinl_fp16/e636dd8b-7682-4910-8b26-781f192c37ec.pt,File,7.79 MB
/content/drive/MyDrive/ego4d_data/v1/omnivore_video_swinl_fp16/18a3840b-7463-43c4-9aa9-b1d8e486fa84.pt,File,22.26 MB
/content/drive/MyDrive/ego4d_data/v1/omnivore_video_swinl_fp16/efd052ce-4af1-48f4-8546-c13428ee92ec.pt,File,12.64 MB
/content/drive/MyDrive/ego4d_data/v1/omnivore_video_swinl_fp16/d3980f7e-2ef1-4b2b-b73a-2a7db7465660.pt,File,9.76 MB
/content/drive/MyDrive/ego4d_data/v1/omnivore_video_swinl_fp16/47ba5fb2-0176-401d-8950-68df861c6bd1.pt,File,18.57 MB
/content/drive/MyDrive/ego4d_data/v1/omnivore_video_swinl_fp16/4f8112b1-0d67-44e3-aa48-117a13ffbc60.pt,File,20.67 MB
/content/drive/MyDrive/ego4d_data/v1/omnivore_video_swinl_fp16/9d5d11a6-add1-45bb-b015-1306dbad8b6f.pt,File,10.24 MB
/content/drive/MyDrive/ego4d_data/v1/omnivore_video_swinl_fp16/b8592091-2f2c-4c37-a931-3c84e3eff3c7.pt,File,16.40 MB
/content/drive/MyDrive/ego4d_data/v1/omnivore_video_swinl_fp16/f1f8d17c-3d2a-4a2a-9482-0a8e385e77ae.pt,File,2.12 MB
/content/drive/MyDrive/ego4d_data/v1/omnivore_video_swinl_fp16/34af64b6-2135-43dc-9a33-2899d92a0c8e.pt,File,5.59 MB
/content/drive/MyDrive/ego4d_data/v1/omnivore_video_swinl_fp16/3817b065-3d46-44ff-b6a6-8c4d646165f2.pt,File,7.77 MB
/content/drive/MyDrive/ego4d_data/v1/omnivore_video_swinl_fp16/95d8c9cd-7d4f-4902-b0a5-a9c198a988be.pt,File,4.98 MB
/content/drive/MyDrive/ego4d_data/v1/omnivore_video_swinl_fp16/2d0c81c8-d7ff-4240-9ee7-4c71c152fb0a.pt,File,609.73 KB
/content/drive/MyDrive/ego4d_data/v1/omnivore_video_swinl_fp16/8a280483-bbfd-4f24-9654-bf6a008e406d.pt,File,5.16 MB
/content/drive/MyDrive/ego4d_data/v1/omnivore_video_swinl_fp16/6c56ee6e-c196-400c-90dc-31c887648562.pt,File,3.94 MB
/content/drive/MyDrive/ego4d_data/v1/omnivore_video_swinl_fp16/c7a446bc-e16e-4e59-a027-e8449a01251a.pt,File,2.92 MB
/content/drive/MyDrive/ego4d_data/v1/omnivore_video_swinl_fp16/7ab911c5-44ec-44e8-b81a-e05625f39500.pt,File,1.39 MB
/content/drive/MyDrive/ego4d_data/v1/omnivore_video_swinl_fp16/eff9a4e2-a2ab-45d4-a142-64a9aa4fc6e9.pt,File,10.28 MB
/content/drive/MyDrive/ego4d_data/v1/omnivore_video_swinl_fp16/9df7ece6-df68-4158-a294-06aa242c2b9d.pt,File,6.12 MB
/content/drive/MyDrive/ego4d_data/v1/omnivore_video_swinl_fp16/e8283c8f-ecc0-448a-84d2-9f16160d7a4b.pt,File,5.28 MB
/content/drive/MyDrive/ego4d_data/v1/omnivore_video_swinl_fp16/af2400f6-f0b6-4014-b43a-7942a1fe1baf.pt,File,6.17 MB
/content/drive/MyDrive/ego4d_data/v1/omnivore_video_swinl_fp16/27ddfcaf-4c2c-4193-917d-22ff60222a60.pt,File,9.48 MB
/content/drive/MyDrive/ego4d_data/v1/omnivore_video_swinl_fp16/e406c375-245c-419e-9525-652f61eda7d3.pt,File,11.68 MB
/content/drive/MyDrive/ego4d_data/v1/omnivore_video_swinl_fp16/0b24eb9e-a5ae-4389-b2cd-11fbf88e9c4a.pt,File,2.53 MB
/content/drive/MyDrive/ego4d_data/v1/omnivore_video_swinl_fp16/e75caa1f-8658-432c-b559-f6a1f3fc409c.pt,File,18.20 MB
/content/drive/MyDrive/ego4d_data/v1/omnivore_video_swinl_fp16/b4707bc6-3579-4992-93ec-0eff21ba8922.pt,File,11.69 MB
/content/drive/MyDrive/ego4d_data/v1/omnivore_video_swinl_fp16/97540512-8d9d-4c0a-b3b1-885b4b1c40b2.pt,File,6.80 MB
/content/drive/MyDrive/ego4d_data/v1/omnivore_video_swinl_fp16/a23b3840-0a21-4bdc-87df-b0c3b7df6bd2.pt,File,6.84 MB
/content/drive/MyDrive/ego4d_data/v1/omnivore_video_swinl_fp16/201956f0-8e28-4ba2-b96b-98855c738fb0.pt,File,1.73 MB
/content/drive/MyDrive/ego4d_data/v1/omnivore_video_swinl_fp16/a84b3599-88ba-4bbd-8be3-c0051e8d811f.pt,File,29.09 MB
/content/drive/MyDrive/ego4d_data/v1/omnivore_video_swinl_fp16/f9a49dfd-e6f1-4827-9903-73a562ab32cd.pt,File,7.05 MB
/content/drive/MyDrive/ego4d_data/v1/omnivore_video_swinl_fp16/a56c188b-0bb8-4285-bf1f-aed452dacc1e.pt,File,7.97 MB
/content/drive/MyDrive/ego4d_data/v1/omnivore_video_swinl_fp16/23d27284-5421-4913-baba-b660fadd1920.pt,File,117.73 KB
/content/drive/MyDrive/ego4d_data/v1/omnivore_video_swinl_fp16/c2fa0704-bdc2-4edf-9c6d-e8ab2160f1b6.pt,File,10.81 MB
/content/drive/MyDrive/ego4d_data/v1/omnivore_video_swinl_fp16/7dae465c-26d8-49a4-a9bb-b02d6524d542.pt,File,435.73 KB
/content/drive/MyDrive/ego4d_data/v1/omnivore_video_swinl_fp16/40359e3f-931e-4c0b-8d8b-a87d1773320f.pt,File,13.20 MB
/content/drive/MyDrive/ego4d_data/v1/omnivore_video_swinl_fp16/5b97f47f-f015-46f3-8879-3fcc2a61a728.pt,File,24.09 MB
/content/drive/MyDrive/ego4d_data/v1/omnivore_video_swinl_fp16/cf9103c8-f2f9-4a6d-bfe2-5086b2ea8f92.pt,File,11.78 MB
/content/drive/MyDrive/ego4d_data/v1/omnivore_video_swinl_fp16/c79e05d5-eaf6-4323-a707-744020743037.pt,File,14.07 MB
/content/drive/MyDrive/ego4d_data/v1/omnivore_video_swinl_fp16/ee1eea29-aaad-41a4-b299-c72ed26c9da5.pt,File,4.94 MB
/content/drive/MyDrive/ego4d_data/v1/omnivore_video_swinl_fp16/9faf5095-8741-4b2d-8b2e-e803467c7130.pt,File,23.84 MB
/content/drive/MyDrive/ego4d_data/v1/omnivore_video_swinl_fp16/858c1362-b0e9-4281-9200-a3abc6c524ba.pt,File,363.73 KB
/content/drive/MyDrive/ego4d_data/v1/omnivore_video_swinl_fp16/9a63a726-df18-4114-9113-86e04fba8eff.pt,File,28.28 MB
/content/drive/MyDrive/ego4d_data/v1/omnivore_video_swinl_fp16/e9ab9c6c-acbf-45e7-bc5d-d7b305973f37.pt,File,14.75 MB
/content/drive/MyDrive/ego4d_data/v1/omnivore_video_swinl_fp16/04994ce8-9d47-44d6-a7b0-42b395e69390.pt,File,8.10 MB
/content/drive/MyDrive/ego4d_data/v1/omnivore_video_swinl_fp16/ec3f2fa8-babe-4407-97bc-8fe8f1ee27be.pt,File,2.58 MB
/content/drive/MyDrive/ego4d_data/v1/omnivore_video_swinl_fp16/080657b3-7f23-4285-96ec-39136e58cdf1.pt,File,132.73 KB
/content/drive/MyDrive/ego4d_data/v1/omnivore_video_swinl_fp16/38f872c3-7300-4c7c-a2be-614ddb415ce7.pt,File,14.17 MB
/content/drive/MyDrive/ego4d_data/v1/omnivore_video_swinl_fp16/0fe191ef-c28a-422c-aede-46f8aa8532a6.pt,File,19.34 MB
/content/drive/MyDrive/ego4d_data/v1/omnivore_video_swinl_fp16/45199793-36b2-45e0-8649-2515afaffa3a.pt,File,23.25 MB
/content/drive/MyDrive/ego4d_data/v1/omnivore_video_swinl_fp16/141e08b9-c464-4b6f-9642-d9268ce419ae.pt,File,9.40 MB
/content/drive/MyDrive/ego4d_data/v1/omnivore_video_swinl_fp16/d3075d27-12e9-40ec-9066-cb381eed8aa6.pt,File,5.24 MB
/content/drive/MyDrive/ego4d_data/v1/omnivore_video_swinl_fp16/30e16a80-2a80-4407-9193-533292e57230.pt,File,2.55 MB
/content/drive/MyDrive/ego4d_data/v1/omnivore_video_swinl_fp16/4c45d8f4-e026-4ca3-a1e4-6d32da434469.pt,File,14.10 MB
/content/drive/MyDrive/ego4d_data/v1/omnivore_video_swinl_fp16/6269fa52-58af-46d3-9a4b-7aca66c3b622.pt,File,3.20 MB
/content/drive/MyDrive/ego4d_data/v1/omnivore_video_swinl_fp16/f5778003-9aea-4ca0-9398-69299ba0331c.pt,File,987.73 KB
/content/drive/MyDrive/ego4d_data/v1/omnivore_video_swinl_fp16/9e9c5b05-c7d4-450d-9850-e6ae83caa9a5.pt,File,18.95 MB
/content/drive/MyDrive/ego4d_data/v1/omnivore_video_swinl_fp16/a00c0367-4ed0-4e47-962c-62b4121ae0d2.pt,File,10.22 MB
/content/drive/MyDrive/ego4d_data/v1/omnivore_video_swinl_fp16/47ecb48a-98ca-42d8-98c0-030c3166afec.pt,File,13.38 MB
/content/drive/MyDrive/ego4d_data/v1/omnivore_video_swinl_fp16/7f123171-c6dd-4197-bf29-3ba4d4a584f7.pt,File,15.67 MB
/content/drive/MyDrive/ego4d_data/v1/omnivore_video_swinl_fp16/3ab744ba-9969-452c-a825-38affebd4139.pt,File,17.53 MB
/content/drive/MyDrive/ego4d_data/v1/omnivore_video_swinl_fp16/3fa64efd-45e8-412e-a665-914d0cfda32e.pt,File,2.87 MB
/content/drive/MyDrive/ego4d_data/v1/omnivore_video_swinl_fp16/ac0fa6ee-ce7c-42e4-951c-cea1259ccec3.pt,File,3.65 MB
/content/drive/MyDrive/ego4d_data/v1/omnivore_video_swinl_fp16/32ccccb7-547d-4bd3-9669-d6bb71466fe4.pt,File,15.89 MB
/content/drive/MyDrive/ego4d_data/v1/omnivore_video_swinl_fp16/dc708402-b918-4bef-b2ea-88bf22a7fb1f.pt,File,2.36 MB
/content/drive/MyDrive/ego4d_data/v1/omnivore_video_swinl_fp16/dbb150a2-a47c-42b0-82e4-b076b69f0fb2.pt,File,5.33 MB
/content/drive/MyDrive/ego4d_data/v1/omnivore_video_swinl_fp16/69513835-bd3f-4965-8126-fc8f0a7ae196.pt,File,14.72 MB
/content/drive/MyDrive/ego4d_data/v1/omnivore_video_swinl_fp16/f8cbac27-db1d-4be2-85d5-5af602246f61.pt,File,4.56 MB
/content/drive/MyDrive/ego4d_data/v1/omnivore_video_swinl_fp16/857ba2af-a390-4b83-88cb-7512b3228bd3.pt,File,5.99 MB
/content/drive/MyDrive/ego4d_data/v1/omnivore_video_swinl_fp16/63f32d44-1c3f-4b36-a33e-64a88592ad59.pt,File,2.03 MB
/content/drive/MyDrive/ego4d_data/v1/omnivore_video_swinl_fp16/07b357ce-0bce-4d5e-b7ab-c16f1d4c7de6.pt,File,5.76 MB
/content/drive/MyDrive/ego4d_data/v1/omnivore_video_swinl_fp16/2cb383c0-4c33-4eed-9279-91521ff19cbc.pt,File,1.36 MB
/content/drive/MyDrive/ego4d_data/v1/omnivore_video_swinl_fp16/d51a0b73-1ad7-4d4e-be99-714f6637668a.pt,File,7.68 MB
/content/drive/MyDrive/ego4d_data/v1/omnivore_video_swinl_fp16/9ff8c35c-bd28-436f-b35b-ee460f983a67.pt,File,3.65 MB
/content/drive/MyDrive/ego4d_data/v1/omnivore_video_swinl_fp16/20d62117-8b5f-44b3-b86f-a936e6cdd2c2.pt,File,5.08 MB
/content/drive/MyDrive/ego4d_data/v1/omnivore_video_swinl_fp16/967a59be-d86f-46af-8cd4-b796efce48a1.pt,File,2.73 MB
/content/drive/MyDrive/ego4d_data/v1/omnivore_video_swinl_fp16/2d386a76-9ef1-49ff-982e-d5e403bba456.pt,File,2.55 MB
/content/drive/MyDrive/ego4d_data/v1/omnivore_video_swinl_fp16/25d0feb6-f66f-499f-a6b0-0ceb9df56896.pt,File,23.06 MB
/content/drive/MyDrive/ego4d_data/v1/omnivore_video_swinl_fp16/753e2afd-63dc-4e7b-ad56-9d5f86287f4b.pt,File,6.74 MB
/content/drive/MyDrive/ego4d_data/v1/omnivore_video_swinl_fp16/54891e75-89de-4ef5-9ee0-9c628cc75e3d.pt,File,7.23 MB
/content/drive/MyDrive/ego4d_data/v1/omnivore_video_swinl_fp16/c2a3d4ac-8d13-4daa-a9a9-a867999e956f.pt,File,9.89 MB
/content/drive/MyDrive/ego4d_data/v1/omnivore_video_swinl_fp16/9150651c-c1a1-477a-b88c-e2b05e4402ed.pt,File,11.42 MB
/content/drive/MyDrive/ego4d_data/v1/omnivore_video_swinl_fp16/274bea99-673e-43a3-b5d5-d49c98cccc8c.pt,File,16.09 MB
/content/drive/MyDrive/ego4d_data/v1/omnivore_video_swinl_fp16/453dc4a1-57b2-4803-9156-cf30016c3a79.pt,File,22.46 MB
/content/drive/MyDrive/ego4d_data/v1/omnivore_video_swinl_fp16/7bc80e9a-d235-4245-9876-9f414969b6d0.pt,File,3.26 MB
/content/drive/MyDrive/ego4d_data/v1/omnivore_video_swinl_fp16/1da68f69-6fa2-4a1f-b763-14181861a617.pt,File,3.71 MB
/content/drive/MyDrive/ego4d_data/v1/omnivore_video_swinl_fp16/8fca1865-7ce7-4a3e-8797-530f15d30bdf.pt,File,2.34 MB
/content/drive/MyDrive/ego4d_data/v1/omnivore_video_swinl_fp16/8f847cfc-ae36-461c-a96b-8fc58766fb2d.pt,File,1.74 MB
/content/drive/MyDrive/ego4d_data/v1/omnivore_video_swinl_fp16/000cd456-ff8d-499b-b0c1-4acead128a8b.pt,File,5.26 MB
/content/drive/MyDrive/ego4d_data/v1/omnivore_video_swinl_fp16/c53d79b9-097a-45e6-9603-22f1a63fece8.pt,File,2.92 MB
/content/drive/MyDrive/ego4d_data/v1/omnivore_video_swinl_fp16/37582977-97fb-4df7-bc26-3a95af124730.pt,File,9.94 MB
/content/drive/MyDrive/ego4d_data/v1/omnivore_video_swinl_fp16/8c335aa9-5caf-4e54-bffb-031ffd452888.pt,File,12.50 MB
/content/drive/MyDrive/ego4d_data/v1/omnivore_video_swinl_fp16/def2e8dd-aaf7-467f-aa8f-46f654e6f4e0.pt,File,10.71 MB
/content/drive/MyDrive/ego4d_data/v1/omnivore_video_swinl_fp16/7aca7552-56d2-4ac0-be30-aed9c5dfc8ea.pt,File,20.94 MB
/content/drive/MyDrive/ego4d_data/v1/omnivore_video_swinl_fp16/8da5f5a1-ae5f-45e8-a7f7-3226547c3c4d.pt,File,5.52 MB
/content/drive/MyDrive/ego4d_data/v1/omnivore_video_swinl_fp16/7ddbf8a2-5b3e-44cd-b9dc-db17ec06831b.pt,File,31.01 MB
/content/drive/MyDrive/ego4d_data/v1/omnivore_video_swinl_fp16/9a968109-3a9e-4e6d-a0e8-fed2ec1128f8.pt,File,5.63 MB
/content/drive/MyDrive/ego4d_data/v1/omnivore_video_swinl_fp16/9827a535-6963-434f-ad79-1940aa622c22.pt,File,7.74 MB
/content/drive/MyDrive/ego4d_data/v1/omnivore_video_swinl_fp16/a54b4d01-0962-4e75-be97-a9f50edb43a9.pt,File,6.52 MB
/content/drive/MyDrive/ego4d_data/v1/omnivore_video_swinl_fp16/7f334458-5c4c-4223-b04d-80616499adbb.pt,File,936.73 KB
/content/drive/MyDrive/ego4d_data/v1/omnivore_video_swinl_fp16/91c006d8-b55c-4426-a7b6-dd527a8ec27d.pt,File,28.36 MB
/content/drive/MyDrive/ego4d_data/v1/omnivore_video_swinl_fp16/0b245a61-32d6-4b14-897c-724adad5b231.pt,File,3.88 MB
/content/drive/MyDrive/ego4d_data/v1/omnivore_video_swinl_fp16/7f08c8f8-ed48-49db-837d-e0b544edec88.pt,File,264.73 KB
/content/drive/MyDrive/ego4d_data/v1/omnivore_video_swinl_fp16/a47718d6-30dc-4afa-8088-a62e1e81d3e6.pt,File,2.08 MB
/content/drive/MyDrive/ego4d_data/v1/omnivore_video_swinl_fp16/8d50f526-624c-40bd-b696-7ad6ce5746ab.pt,File,2.68 MB
/content/drive/MyDrive/ego4d_data/v1/omnivore_video_swinl_fp16/6f93978d-a3d0-467d-b401-e23b3c92f3bf.pt,File,30.25 MB
/content/drive/MyDrive/ego4d_data/v1/omnivore_video_swinl_fp16/d91dc73b-0c0e-49ed-960c-4534e7557c48.pt,File,5.47 MB
/content/drive/MyDrive/ego4d_data/v1/omnivore_video_swinl_fp16/e91bd0fd-abaa-4aa8-90db-21eae97c25f3.pt,File,10.61 MB
/content/drive/MyDrive/ego4d_data/v1/omnivore_video_swinl_fp16/9c59e912-2340-4400-b2df-7db3d4066723.pt,File,16.71 MB
/content/drive/MyDrive/ego4d_data/v1/omnivore_video_swinl_fp16/0b8bba27-40f4-4c13-8513-17666c1361d1.pt,File,2.32 MB
/content/drive/MyDrive/ego4d_data/v1/omnivore_video_swinl_fp16/03f4405c-9ed4-4b91-b87d-ccc8f6e126d6.pt,File,5.18 MB
/content/drive/MyDrive/ego4d_data/v1/omnivore_video_swinl_fp16/c9c44dea-c37b-461d-aa14-20e934126df5.pt,File,25.93 MB
/content/drive/MyDrive/ego4d_data/v1/omnivore_video_swinl_fp16/fc1a0579-6377-4d5a-b2f4-7d25643b5c24.pt,File,13.88 MB
/content/drive/MyDrive/ego4d_data/v1/omnivore_video_swinl_fp16/703d550a-0a84-4bcf-9b45-e25c864ade70.pt,File,78.73 KB
/content/drive/MyDrive/ego4d_data/v1/omnivore_video_swinl_fp16/7b354894-82a8-4110-860b-44d4d7798373.pt,File,6.05 MB
/content/drive/MyDrive/ego4d_data/v1/omnivore_video_swinl_fp16/c91d9d69-c0f0-4785-a40d-27ee44fa5f6e.pt,File,10.24 MB
/content/drive/MyDrive/ego4d_data/v1/omnivore_video_swinl_fp16/c4d30882-e057-4028-aaff-d8676ae50699.pt,File,11.62 MB
/content/drive/MyDrive/ego4d_data/v1/omnivore_video_swinl_fp16/f2e4ad31-16ab-4663-9f3c-b0a644262016.pt,File,558.73 KB
/content/drive/MyDrive/ego4d_data/v1/omnivore_video_swinl_fp16/50444259-3a59-4f0a-b846-ac0c1b32b5ca.pt,File,7.37 MB
/content/drive/MyDrive/ego4d_data/v1/omnivore_video_swinl_fp16/23e0af07-6932-4ccf-8551-3a720d141b89.pt,File,15.42 MB
/content/drive/MyDrive/ego4d_data/v1/omnivore_video_swinl_fp16/f131861d-c8df-4f78-b28e-7b82cc8d1270.pt,File,1.01 MB
/content/drive/MyDrive/ego4d_data/v1/omnivore_video_swinl_fp16/f3e79f6b-3b27-4aa6-a270-55a6424fd974.pt,File,5.37 MB
/content/drive/MyDrive/ego4d_data/v1/omnivore_video_swinl_fp16/162c1bc4-89df-4475-a549-3faa7ef27c1e.pt,File,14.60 MB
/content/drive/MyDrive/ego4d_data/v1/omnivore_video_swinl_fp16/7bc5387f-93a3-48ca-bd33-bd01fbb43c54.pt,File,1005.73 KB
/content/drive/MyDrive/ego4d_data/v1/omnivore_video_swinl_fp16/a7a4014b-f938-49ca-bd5f-f5bb88843ac4.pt,File,828.73 KB
/content/drive/MyDrive/ego4d_data/v1/omnivore_video_swinl_fp16/e19b1be3-8ee9-44cc-ae7d-99a3591ebba5.pt,File,3.89 MB
/content/drive/MyDrive/ego4d_data/v1/omnivore_video_swinl_fp16/98bda8e8-4dee-4374-8357-e611bee6238b.pt,File,29.25 MB
/content/drive/MyDrive/ego4d_data/v1/omnivore_video_swinl_fp16/28bc1ee7-b0c1-4f30-934a-0ab665779d90.pt,File,7.66 MB
/content/drive/MyDrive/ego4d_data/v1/omnivore_video_swinl_fp16/f9a98d72-b5f1-4840-9093-d351586269c0.pt,File,25.40 MB
/content/drive/MyDrive/ego4d_data/v1/omnivore_video_swinl_fp16/dc16fb2a-7caf-41f4-b2a3-d2ff8cd38255.pt,File,8.19 MB
/content/drive/MyDrive/ego4d_data/v1/omnivore_video_swinl_fp16/883c2e5a-abc9-424a-9d63-379499652096.pt,File,4.97 MB
/content/drive/MyDrive/ego4d_data/v1/omnivore_video_swinl_fp16/13751c70-fca9-4f64-a339-890b6c770664.pt,File,16.54 MB
/content/drive/MyDrive/ego4d_data/v1/omnivore_video_swinl_fp16/4c2ea5f1-64a3-41d4-9ce4-e1ea443720b3.pt,File,8.32 MB
/content/drive/MyDrive/ego4d_data/v1/omnivore_video_swinl_fp16/33052ab8-d0af-414c-8655-3046c6990f3c.pt,File,2.48 MB
/content/drive/MyDrive/ego4d_data/v1/omnivore_video_swinl_fp16/50839db0-89c0-43ee-b558-376783e20591.pt,File,1.53 MB
/content/drive/MyDrive/ego4d_data/v1/omnivore_video_swinl_fp16/1b9f06a7-b26d-4c74-863e-1d4fa22bbc37.pt,File,11.62 MB
/content/drive/MyDrive/ego4d_data/v1/omnivore_video_swinl_fp16/c7e8af35-608f-4d18-b752-2f3140f5fcc4.pt,File,13.47 MB
/content/drive/MyDrive/ego4d_data/v1/omnivore_video_swinl_fp16/01db7c39-a512-4bac-b284-dff8c7360e80.pt,File,3.76 MB
/content/drive/MyDrive/ego4d_data/v1/omnivore_video_swinl_fp16/ab5dc330-1bd2-40f2-87c1-dffd374e19a1.pt,File,9.19 MB
/content/drive/MyDrive/ego4d_data/v1/omnivore_video_swinl_fp16/ee6f0404-9c97-4240-bd7b-2dcb340031d5.pt,File,1.14 MB
/content/drive/MyDrive/ego4d_data/v1/omnivore_video_swinl_fp16/5efa966b-01b6-4bbb-a4b6-702ef89c3a10.pt,File,4.08 MB
/content/drive/MyDrive/ego4d_data/v1/omnivore_video_swinl_fp16/9d4612dc-de21-48a6-a003-0f7485adb8cd.pt,File,25.02 MB
/content/drive/MyDrive/ego4d_data/v1/omnivore_video_swinl_fp16/05e8b510-0973-4cbd-9a23-bf2c156b7958.pt,File,2.60 MB
/content/drive/MyDrive/ego4d_data/v1/omnivore_video_swinl_fp16/a45dfce3-426f-4a51-956b-7ad5b5fb0528.pt,File,2.92 MB
/content/drive/MyDrive/ego4d_data/v1/omnivore_video_swinl_fp16/4d980c7b-3e02-47ff-8a11-af55d04a8c4d.pt,File,1.27 MB
/content/drive/MyDrive/ego4d_data/v1/omnivore_video_swinl_fp16/b367b7d2-180e-48c6-b4b3-34e770acbbd4.pt,File,34.87 MB
/content/drive/MyDrive/ego4d_data/v1/omnivore_video_swinl_fp16/666beb29-be82-4f5f-8556-644ed5af8d90.pt,File,2.11 MB
/content/drive/MyDrive/ego4d_data/v1/omnivore_video_swinl_fp16/e84c2ee8-0e6a-4d77-953d-00fb5afd76c4.pt,File,6.41 MB
/content/drive/MyDrive/ego4d_data/v1/omnivore_video_swinl_fp16/f3c51a17-e771-45dd-bc13-f2de5c903f69.pt,File,22.84 MB
/content/drive/MyDrive/ego4d_data/v1/omnivore_video_swinl_fp16/bb16e081-d56d-40c0-a000-6d59ddb4498d.pt,File,3.90 MB
/content/drive/MyDrive/ego4d_data/v1/omnivore_video_swinl_fp16/6b7263dd-0354-468b-a485-0471ace84f15.pt,File,1.95 MB
/content/drive/MyDrive/ego4d_data/v1/omnivore_video_swinl_fp16/d0b57a7c-08d4-4c0e-80f0-836979dd965d.pt,File,1.41 MB
/content/drive/MyDrive/ego4d_data/v1/omnivore_video_swinl_fp16/dad6f975-3cbf-4609-a362-5bdef5a031a2.pt,File,11.24 MB
/content/drive/MyDrive/ego4d_data/v1/omnivore_video_swinl_fp16/599037f1-5825-4315-a75d-9a50d16959b5.pt,File,1.32 MB
/content/drive/MyDrive/ego4d_data/v1/omnivore_video_swinl_fp16/9e0dfc08-330b-489b-afa7-880993e1a7a7.pt,File,3.01 MB
/content/drive/MyDrive/ego4d_data/v1/omnivore_video_swinl_fp16/0aec2b0c-18e1-453b-a6ed-e484698d41df.pt,File,15.89 MB
/content/drive/MyDrive/ego4d_data/v1/omnivore_video_swinl_fp16/6b889d80-1c10-413c-9532-fbd629305a43.pt,File,11.05 MB
/content/drive/MyDrive/ego4d_data/v1/omnivore_video_swinl_fp16/90093217-6a61-48ce-b737-e581499cf491.pt,File,10.46 MB
/content/drive/MyDrive/ego4d_data/v1/omnivore_video_swinl_fp16/52b42c33-ac42-435a-aef0-2b00d43516ec.pt,File,8.56 MB
/content/drive/MyDrive/ego4d_data/v1/omnivore_video_swinl_fp16/f3235555-28ea-4ffa-842b-ccf862ec0ae9.pt,File,10.81 MB
/content/drive/MyDrive/ego4d_data/v1/omnivore_video_swinl_fp16/460e3501-ff8e-4dcf-b47b-c298b9c46006.pt,File,723.73 KB
/content/drive/MyDrive/ego4d_data/v1/omnivore_video_swinl_fp16/6baf5a36-83e6-4fb4-81bc-970dffd1df49.pt,File,4.06 MB
/content/drive/MyDrive/ego4d_data/v1/omnivore_video_swinl_fp16/f7a0beb6-b220-40c0-a72d-ec4b79134a73.pt,File,6.81 MB
/content/drive/MyDrive/ego4d_data/v1/omnivore_video_swinl_fp16/95aa4159-3ad7-46f3-ad1e-c85e6b64659c.pt,File,2.01 MB
/content/drive/MyDrive/ego4d_data/v1/omnivore_video_swinl_fp16/0f809826-2ccb-4a75-abbd-81125f65994c.pt,File,6.29 MB
/content/drive/MyDrive/ego4d_data/v1/omnivore_video_swinl_fp16/b029658f-073b-4df7-a74d-f72753277ba0.pt,File,10.69 MB
/content/drive/MyDrive/ego4d_data/v1/omnivore_video_swinl_fp16/1b9c07d3-0656-48ad-bae4-cca25f6664c9.pt,File,6.55 MB
/content/drive/MyDrive/ego4d_data/v1/omnivore_video_swinl_fp16/a2b38cad-b708-4956-8d37-0b8f474c75f5.pt,File,26.00 MB
/content/drive/MyDrive/ego4d_data/v1/omnivore_video_swinl_fp16/5a56333c-604c-4589-80ec-541b4d7d2164.pt,File,9.82 MB
/content/drive/MyDrive/ego4d_data/v1/omnivore_video_swinl_fp16/26a56478-0c95-49b7-bb5e-1caef7750633.pt,File,5.26 MB
/content/drive/MyDrive/ego4d_data/v1/omnivore_video_swinl_fp16/8e5c3d75-8a5c-45c7-ad7c-3dec1c7615ed.pt,File,789.73 KB
/content/drive/MyDrive/ego4d_data/v1/omnivore_video_swinl_fp16/f22115b5-b9be-4e30-8576-7c1fcecec480.pt,File,2.92 MB
/content/drive/MyDrive/ego4d_data/v1/omnivore_video_swinl_fp16/87e3ea8a-ea85-45ff-a5ef-8a9ac28cc221.pt,File,3.75 MB
/content/drive/MyDrive/ego4d_data/v1/omnivore_video_swinl_fp16/937ce95b-1fd0-4a2b-a9ed-8f9359dd38f1.pt,File,22.48 MB
/content/drive/MyDrive/ego4d_data/v1/omnivore_video_swinl_fp16/1bc1f5e9-9d74-4a07-9d1b-39e5410436b6.pt,File,2.37 MB
/content/drive/MyDrive/ego4d_data/v1/omnivore_video_swinl_fp16/c90bbb3a-88a1-48d0-902e-84041df6ca23.pt,File,21.40 MB
/content/drive/MyDrive/ego4d_data/v1/omnivore_video_swinl_fp16/8af2ed7d-4435-40ce-b3cc-685f28bfcb2d.pt,File,6.89 MB
/content/drive/MyDrive/ego4d_data/v1/omnivore_video_swinl_fp16/54843f87-c3c1-40a3-910e-5e72540995d5.pt,File,11.23 MB
/content/drive/MyDrive/ego4d_data/v1/omnivore_video_swinl_fp16/beddfafb-b749-40a6-ac7e-fda120521274.pt,File,867.73 KB
/content/drive/MyDrive/ego4d_data/v1/omnivore_video_swinl_fp16/1b782473-f0cd-4717-b127-b1b0995cd51b.pt,File,4.58 MB
/content/drive/MyDrive/ego4d_data/v1/omnivore_video_swinl_fp16/5c2e910c-84e0-4042-b5d6-880a731c3e67.pt,File,720.73 KB
/content/drive/MyDrive/ego4d_data/v1/omnivore_video_swinl_fp16/45219b12-3546-49ff-915a-e802739190c0.pt,File,2.67 MB
/content/drive/MyDrive/ego4d_data/v1/omnivore_video_swinl_fp16/e4d551ac-f6c0-4494-aa9f-286f1a6757c7.pt,File,129.73 KB
/content/drive/MyDrive/ego4d_data/v1/omnivore_video_swinl_fp16/ddc4e9ed-97bc-4df8-ad63-b23f616c7cb0.pt,File,504.73 KB
/content/drive/MyDrive/ego4d_data/v1/omnivore_video_swinl_fp16/a4b2fae6-df69-4112-8c4f-1d9cdcaf1f6f.pt,File,108.73 KB
/content/drive/MyDrive/ego4d_data/v1/omnivore_video_swinl_fp16/d4f2eac6-6e00-49fc-9be6-b9e3ebd1ca85.pt,File,5.72 MB
/content/drive/MyDrive/ego4d_data/v1/omnivore_video_swinl_fp16/e54b0e18-5dcd-4b58-9fbc-9c757cc5b7ec.pt,File,4.44 MB
/content/drive/MyDrive/ego4d_data/v1/omnivore_video_swinl_fp16/5570f41c-4521-4d20-bc90-6b361f7bcff2.pt,File,1.40 MB
/content/drive/MyDrive/ego4d_data/v1/omnivore_video_swinl_fp16/08d94a5d-7c4b-4b1c-af12-c1ceb53c51c8.pt,File,8.90 MB
/content/drive/MyDrive/ego4d_data/v1/omnivore_video_swinl_fp16/b6b4f7a1-f3ec-425c-93eb-acc931acb2b5.pt,File,7.06 MB
/content/drive/MyDrive/ego4d_data/v1/omnivore_video_swinl_fp16/fdcdf464-a350-452d-9741-f6725e138192.pt,File,2.56 MB
/content/drive/MyDrive/ego4d_data/v1/omnivore_video_swinl_fp16/d94854b6-3469-4c9c-8d2b-aa9019010a11.pt,File,11.65 MB
/content/drive/MyDrive/ego4d_data/v1/omnivore_video_swinl_fp16/c6e14005-854e-462f-a5a0-2474b759b1cc.pt,File,2.26 MB
/content/drive/MyDrive/ego4d_data/v1/omnivore_video_swinl_fp16/3a441dbe-7d0e-4781-8fbb-d47342735581.pt,File,23.25 MB
/content/drive/MyDrive/ego4d_data/v1/omnivore_video_swinl_fp16/26202090-684d-4be8-b3cc-de04da827e91.pt,File,17.18 MB
/content/drive/MyDrive/ego4d_data/v1/omnivore_video_swinl_fp16/1ac1830b-b98b-40ee-b1a7-b497c84e6e9f.pt,File,2.34 MB
/content/drive/MyDrive/ego4d_data/v1/omnivore_video_swinl_fp16/406dd4ef-ac1e-48cc-be05-40dab5979549.pt,File,9.97 MB
/content/drive/MyDrive/ego4d_data/v1/omnivore_video_swinl_fp16/f786bdd6-2d59-432d-8c2e-84482e2032c5.pt,File,34.87 MB
/content/drive/MyDrive/ego4d_data/v1/omnivore_video_swinl_fp16/c6dc5f11-8fe0-46cf-a5d0-0a12fb84215e.pt,File,13.58 MB
/content/drive/MyDrive/ego4d_data/v1/omnivore_video_swinl_fp16/5991c3ba-86a4-46d0-be04-966d1f681b4d.pt,File,525.73 KB
/content/drive/MyDrive/ego4d_data/v1/omnivore_video_swinl_fp16/2217be49-1bfa-4507-87ff-255f2392c002.pt,File,2.92 MB
/content/drive/MyDrive/ego4d_data/v1/omnivore_video_swinl_fp16/192e4b6b-cbc0-4b6f-995d-fbe11df9044e.pt,File,258.73 KB
/content/drive/MyDrive/ego4d_data/v1/omnivore_video_swinl_fp16/aa37b427-5980-4bf5-be29-87bdb2e60154.pt,File,3.74 MB
/content/drive/MyDrive/ego4d_data/v1/omnivore_video_swinl_fp16/898b2af7-1074-4716-a104-b1f48d25cb2f.pt,File,909.73 KB
/content/drive/MyDrive/ego4d_data/v1/omnivore_video_swinl_fp16/a0fb1c27-47d1-442b-825e-3912fef3222a.pt,File,11.33 MB
/content/drive/MyDrive/ego4d_data/v1/omnivore_video_swinl_fp16/c25cf5e2-8201-40bf-8aa5-7099d4b956f2.pt,File,10.47 MB
/content/drive/MyDrive/ego4d_data/v1/omnivore_video_swinl_fp16/682aedeb-0c6e-4050-b5a9-5be7f5a479f1.pt,File,11.83 MB
/content/drive/MyDrive/ego4d_data/v1/omnivore_video_swinl_fp16/b1ed4c5e-d6a1-4e6e-bf70-9a718078ff49.pt,File,6.43 MB
/content/drive/MyDrive/ego4d_data/v1/omnivore_video_swinl_fp16/a1165782-5a0a-45d6-a36e-2c3ea9b48a9a.pt,File,12.20 MB
/content/drive/MyDrive/ego4d_data/v1/omnivore_video_swinl_fp16/c7d5f591-9861-44ac-a30d-3f996f3141f9.pt,File,1.33 MB
/content/drive/MyDrive/ego4d_data/v1/omnivore_video_swinl_fp16/63b9e64a-60ae-4d86-81fa-2253776cc8e9.pt,File,4.27 MB
/content/drive/MyDrive/ego4d_data/v1/omnivore_video_swinl_fp16/13b99328-83c3-46ac-bf83-43cba4473489.pt,File,1.23 MB
/content/drive/MyDrive/ego4d_data/v1/omnivore_video_swinl_fp16/139b62bf-aac2-4bbc-a083-f3fd682b7600.pt,File,399.73 KB
/content/drive/MyDrive/ego4d_data/v1/omnivore_video_swinl_fp16/d72003de-42f9-4e11-b06a-8321b8662ca6.pt,File,3.82 MB
/content/drive/MyDrive/ego4d_data/v1/omnivore_video_swinl_fp16/150c7fa0-941b-4565-aff6-e83c7b6daf31.pt,File,14.83 MB
/content/drive/MyDrive/ego4d_data/v1/omnivore_video_swinl_fp16/380de10c-99d3-4270-b908-6765c388a116.pt,File,4.31 MB
/content/drive/MyDrive/ego4d_data/v1/omnivore_video_swinl_fp16/fc9824ed-63c1-4844-a80a-2c223d4ff7c1.pt,File,13.78 MB
/content/drive/MyDrive/ego4d_data/v1/omnivore_video_swinl_fp16/8cf7f552-c1df-4482-8c0d-db17d098bf02.pt,File,258.73 KB
/content/drive/MyDrive/ego4d_data/v1/omnivore_video_swinl_fp16/2dbdd409-0be0-447c-8ae8-3f107fe9af80.pt,File,10.29 MB
/content/drive/MyDrive/ego4d_data/v1/omnivore_video_swinl_fp16/4b63760e-3016-4a13-ad93-c9487a433a4c.pt,File,8.80 MB
/content/drive/MyDrive/ego4d_data/v1/omnivore_video_swinl_fp16/ec8eb536-e142-4628-9b87-4df3fd403f91.pt,File,5.61 MB
/content/drive/MyDrive/ego4d_data/v1/omnivore_video_swinl_fp16/74d05939-ec8d-4da5-9a6f-35a0b97e22e2.pt,File,1.28 MB
/content/drive/MyDrive/ego4d_data/v1/omnivore_video_swinl_fp16/2967f13e-d2af-4154-b593-d38d61e223d7.pt,File,13.63 MB
/content/drive/MyDrive/ego4d_data/v1/omnivore_video_swinl_fp16/8bcd5b11-283d-41f9-9b34-8f70b75c2de9.pt,File,165.73 KB
/content/drive/MyDrive/ego4d_data/v1/omnivore_video_swinl_fp16/f1095f1e-1008-4692-a2c3-bf7dcac67701.pt,File,1.19 MB
/content/drive/MyDrive/ego4d_data/v1/omnivore_video_swinl_fp16/7ee54372-b950-47fc-915c-f700d4a72af8.pt,File,29.68 MB
/content/drive/MyDrive/ego4d_data/v1/omnivore_video_swinl_fp16/c2b3e7ea-fbeb-4491-b5bc-d0dd723496f7.pt,File,13.29 MB
/content/drive/MyDrive/ego4d_data/v1/omnivore_video_swinl_fp16/f8514af9-61ce-49d9-9628-fbc0bcc736f9.pt,File,7.70 MB
/content/drive/MyDrive/ego4d_data/v1/omnivore_video_swinl_fp16/763509f4-203d-4e4b-bb42-67eb9839874b.pt,File,2.70 MB
/content/drive/MyDrive/ego4d_data/v1/omnivore_video_swinl_fp16/239e6608-8c7c-4643-9a64-edc7f3da0e8e.pt,File,264.73 KB
/content/drive/MyDrive/ego4d_data/v1/omnivore_video_swinl_fp16/282c73cf-c710-442d-98fb-3f5a6f4265c2.pt,File,5.76 MB
/content/drive/MyDrive/ego4d_data/v1/omnivore_video_swinl_fp16/e58a1cd6-cf82-4477-b8a3-8f749ebceffe.pt,File,10.47 MB
/content/drive/MyDrive/ego4d_data/v1/omnivore_video_swinl_fp16/847515e4-e3ca-403e-826d-91e9442ddee3.pt,File,348.73 KB
/content/drive/MyDrive/ego4d_data/v1/omnivore_video_swinl_fp16/fd0530f4-93da-450c-8e6e-98bc16803e45.pt,File,9.88 MB
/content/drive/MyDrive/ego4d_data/v1/omnivore_video_swinl_fp16/2d8e9dad-9b5a-4d0a-b749-591121c8f84b.pt,File,5.19 MB
/content/drive/MyDrive/ego4d_data/v1/omnivore_video_swinl_fp16/5a578256-a7ac-4c36-87be-d77e6f743aee.pt,File,8.12 MB
/content/drive/MyDrive/ego4d_data/v1/omnivore_video_swinl_fp16/1a3b59d0-cdb0-4d94-b16b-227e68ade632.pt,File,2.92 MB
/content/drive/MyDrive/ego4d_data/v1/omnivore_video_swinl_fp16/ed1e7c2d-970b-4773-b945-1df0061b677d.pt,File,5.29 MB
/content/drive/MyDrive/ego4d_data/v1/omnivore_video_swinl_fp16/ff5beacb-d664-4865-97f7-da85bee16872.pt,File,1.05 MB
/content/drive/MyDrive/ego4d_data/v1/omnivore_video_swinl_fp16/70d5b21a-832a-4f4d-af82-807731a08ece.pt,File,10.08 MB
/content/drive/MyDrive/ego4d_data/v1/omnivore_video_swinl_fp16/722811b1-93f9-4790-b3ae-b9ae8142a718.pt,File,7.64 MB
/content/drive/MyDrive/ego4d_data/v1/omnivore_video_swinl_fp16/a724d611-35fa-498b-af1f-bb0955622242.pt,File,1.91 MB
/content/drive/MyDrive/ego4d_data/v1/omnivore_video_swinl_fp16/3e63e11a-44f6-4094-9010-e549c60e155d.pt,File,2.35 MB
/content/drive/MyDrive/ego4d_data/v1/omnivore_video_swinl_fp16/79001765-abc6-439b-a987-367dd4d1d5f6.pt,File,1.40 MB
/content/drive/MyDrive/ego4d_data/v1/omnivore_video_swinl_fp16/b68f87f0-29be-4516-a34a-dda69dd84a56.pt,File,5.54 MB
/content/drive/MyDrive/ego4d_data/v1/omnivore_video_swinl_fp16/9b4f4427-bf75-4d57-aaa5-31fcc4502c2c.pt,File,1.06 MB
/content/drive/MyDrive/ego4d_data/v1/omnivore_video_swinl_fp16/61f0a3d8-01f9-4149-bd0c-c31ad5d319ed.pt,File,3.35 MB
/content/drive/MyDrive/ego4d_data/v1/omnivore_video_swinl_fp16/73352b80-a094-4a98-8e5f-9708c266749e.pt,File,8.46 MB
/content/drive/MyDrive/ego4d_data/v1/omnivore_video_swinl_fp16/0c192ca8-1ede-4ef0-a05e-2f4151b6bdfc.pt,File,1.55 MB
/content/drive/MyDrive/ego4d_data/v1/omnivore_video_swinl_fp16/0ddfd541-8b2a-45fe-b68e-bcea0d7d03b8.pt,File,9.76 MB
/content/drive/MyDrive/ego4d_data/v1/omnivore_video_swinl_fp16/df630387-82c6-4c90-95e8-6ba558c907a2.pt,File,1.49 MB
/content/drive/MyDrive/ego4d_data/v1/omnivore_video_swinl_fp16/26ed1dd8-c21e-4c0a-95a5-6ff2999e4a85.pt,File,699.73 KB
/content/drive/MyDrive/ego4d_data/v1/omnivore_video_swinl_fp16/d731d55b-a67c-498e-9016-2758185a2553.pt,File,1.76 MB
/content/drive/MyDrive/ego4d_data/v1/omnivore_video_swinl_fp16/c304122d-0f0a-4c6a-a5b4-63f8b7aed69c.pt,File,342.73 KB
/content/drive/MyDrive/ego4d_data/v1/omnivore_video_swinl_fp16/4ac59908-3f13-4085-9479-7348b13803ee.pt,File,5.07 MB
/content/drive/MyDrive/ego4d_data/v1/omnivore_video_swinl_fp16/577a114d-e2d1-4ca2-b739-8a008ef22b66.pt,File,11.62 MB
/content/drive/MyDrive/ego4d_data/v1/omnivore_video_swinl_fp16/14a05360-fcc4-4bf6-97d3-2d77bc282c84.pt,File,4.37 MB
/content/drive/MyDrive/ego4d_data/v1/omnivore_video_swinl_fp16/cf9b2219-bdea-4a91-a56d-02c028547400.pt,File,2.33 MB
/content/drive/MyDrive/ego4d_data/v1/omnivore_video_swinl_fp16/1b204c9b-30da-47cc-b793-8813169e72c7.pt,File,9.31 MB
/content/drive/MyDrive/ego4d_data/v1/omnivore_video_swinl_fp16/d362ba00-301d-4e88-8786-c4da2684e62e.pt,File,3.75 MB
/content/drive/MyDrive/ego4d_data/v1/omnivore_video_swinl_fp16/42e4a840-68a1-4992-923d-7452500b4218.pt,File,17.52 MB
/content/drive/MyDrive/ego4d_data/v1/omnivore_video_swinl_fp16/826e419a-8788-484f-9543-550964666762.pt,File,15.39 MB
/content/drive/MyDrive/ego4d_data/v1/omnivore_video_swinl_fp16/c7b2d096-4981-42bf-b85b-a437e52252ca.pt,File,546.73 KB
/content/drive/MyDrive/ego4d_data/v1/omnivore_video_swinl_fp16/25153242-d4ef-4ae2-b414-310bd5478306.pt,File,390.73 KB
/content/drive/MyDrive/ego4d_data/v1/omnivore_video_swinl_fp16/14177ca9-924f-4e68-b218-6009dbddc7cc.pt,File,2.73 MB
/content/drive/MyDrive/ego4d_data/v1/omnivore_video_swinl_fp16/3d8f5230-0c22-4018-86b0-e6d851b74b11.pt,File,6.03 MB
/content/drive/MyDrive/ego4d_data/v1/omnivore_video_swinl_fp16/386013e0-6a53-45f6-a840-3d12dda4c4a8.pt,File,6.29 MB
/content/drive/MyDrive/ego4d_data/v1/omnivore_video_swinl_fp16/c431062e-857c-4e9f-ad5c-94f925acc822.pt,File,5.92 MB
/content/drive/MyDrive/ego4d_data/v1/omnivore_video_swinl_fp16/af2bbd78-1898-4744-aa62-4feea65cc825.pt,File,11.18 MB
/content/drive/MyDrive/ego4d_data/v1/omnivore_video_swinl_fp16/4aeb7f3c-855a-4c66-b3d9-02b0eb963883.pt,File,2.61 MB
/content/drive/MyDrive/ego4d_data/v1/omnivore_video_swinl_fp16/22879658-f5c5-4cf4-859a-5395850413d4.pt,File,5.74 MB
/content/drive/MyDrive/ego4d_data/v1/omnivore_video_swinl_fp16/526d389b-a187-4c63-a5c6-c36bd66266b6.pt,File,5.23 MB
/content/drive/MyDrive/ego4d_data/v1/omnivore_video_swinl_fp16/ccbc0c8d-f31e-46ca-af7b-872c35550457.pt,File,8.12 MB
/content/drive/MyDrive/ego4d_data/v1/omnivore_video_swinl_fp16/d82e30aa-42fe-4f5c-a0b4-81ea66c5edf7.pt,File,17.44 MB
/content/drive/MyDrive/ego4d_data/v1/omnivore_video_swinl_fp16/be3c4d6b-4d55-493c-9f5a-d93a168b6b0b.pt,File,9.76 MB
/content/drive/MyDrive/ego4d_data/v1/omnivore_video_swinl_fp16/b2f87dfc-7da6-443a-b2f5-8630f9f9560c.pt,File,9.68 MB
/content/drive/MyDrive/ego4d_data/v1/omnivore_video_swinl_fp16/09c98c4f-dc2a-429b-8afa-624211cd4bfd.pt,File,3.64 MB
/content/drive/MyDrive/ego4d_data/v1/omnivore_video_swinl_fp16/8a489210-cca4-439d-90a9-8e0ca40c027c.pt,File,2.68 MB
/content/drive/MyDrive/ego4d_data/v1/omnivore_video_swinl_fp16/0a02a1ed-a327-4753-b270-e95298984b96.pt,File,9.40 MB
/content/drive/MyDrive/ego4d_data/v1/omnivore_video_swinl_fp16/d41f3a00-ef34-4405-90f9-1dece0ecd129.pt,File,855.73 KB
/content/drive/MyDrive/ego4d_data/v1/omnivore_video_swinl_fp16/8532e114-f8e4-42b5-987b-fcf0ebb32bf5.pt,File,5.95 MB
/content/drive/MyDrive/ego4d_data/v1/omnivore_video_swinl_fp16/5561b2db-34ca-4ec5-b21e-4cc3330a2a9d.pt,File,11.52 MB
/content/drive/MyDrive/ego4d_data/v1/omnivore_video_swinl_fp16/f2a257e6-01da-4856-b145-2947ce5dcb0e.pt,File,3.34 MB
/content/drive/MyDrive/ego4d_data/v1/omnivore_video_swinl_fp16/822e24f5-b703-49f6-8695-f0a9bca2ca48.pt,File,2.63 MB
/content/drive/MyDrive/ego4d_data/v1/omnivore_video_swinl_fp16/af4828ab-2ff7-4935-87e0-08881989f178.pt,File,2.59 MB
/content/drive/MyDrive/ego4d_data/v1/omnivore_video_swinl_fp16/05f672ea-1651-4767-9c8a-0f504805e9c7.pt,File,4.32 MB
/content/drive/MyDrive/ego4d_data/v1/omnivore_video_swinl_fp16/bf843ad3-fad5-4bc5-b74c-0ee9dafe9c40.pt,File,5.76 MB
/content/drive/MyDrive/ego4d_data/v1/omnivore_video_swinl_fp16/0a76a002-ec78-4f91-b4b1-0c9f4a9ab8e5.pt,File,27.10 MB
/content/drive/MyDrive/ego4d_data/v1/omnivore_video_swinl_fp16/c957ff4a-780f-4219-a32f-cd8db7fed87b.pt,File,6.19 MB
/content/drive/MyDrive/ego4d_data/v1/omnivore_video_swinl_fp16/c80584bf-4405-45e8-9e8b-4818b15b0ca1.pt,File,3.74 MB
/content/drive/MyDrive/ego4d_data/v1/omnivore_video_swinl_fp16/c8f8ebf1-5613-4f4a-802c-ada5e4c4b651.pt,File,2.92 MB
/content/drive/MyDrive/ego4d_data/v1/omnivore_video_swinl_fp16/1ab9d5f7-0181-458e-a5e7-72ce87501f3e.pt,File,3.14 MB
/content/drive/MyDrive/ego4d_data/v1/omnivore_video_swinl_fp16/df01a6a0-2404-4a91-bd95-1ca04a4bcb05.pt,File,5.27 MB
/content/drive/MyDrive/ego4d_data/v1/omnivore_video_swinl_fp16/130e4f24-c55c-4d09-a1fc-7d9198ae1030.pt,File,3.08 MB
/content/drive/MyDrive/ego4d_data/v1/omnivore_video_swinl_fp16/424d302f-9765-4f7a-9945-366d4f789136.pt,File,2.06 MB
/content/drive/MyDrive/ego4d_data/v1/omnivore_video_swinl_fp16/6b1638b7-db47-44ca-adb7-293e65006856.pt,File,5.03 MB
/content/drive/MyDrive/ego4d_data/v1/omnivore_video_swinl_fp16/ba11fcda-0048-4440-a7e8-fd15d1661a27.pt,File,1.25 MB
/content/drive/MyDrive/ego4d_data/v1/omnivore_video_swinl_fp16/c7b23a8c-1e33-476c-90e5-29861797159e.pt,File,13.89 MB
/content/drive/MyDrive/ego4d_data/v1/omnivore_video_swinl_fp16/22852eb5-c456-47f1-9aec-2643c5950b8b.pt,File,34.87 MB
/content/drive/MyDrive/ego4d_data/v1/omnivore_video_swinl_fp16/3be1075c-d217-4dfa-9931-0519acdabf88.pt,File,9.84 MB
/content/drive/MyDrive/ego4d_data/v1/omnivore_video_swinl_fp16/d2de811c-9255-4c4f-8a54-a2fc65527f59.pt,File,7.67 MB
/content/drive/MyDrive/ego4d_data/v1/omnivore_video_swinl_fp16/23a1b043-771f-4769-916a-34163f2ea2ef.pt,File,3.04 MB
/content/drive/MyDrive/ego4d_data/v1/omnivore_video_swinl_fp16/9da4b8a6-d09f-433e-ab23-96032e2b7aa7.pt,File,738.73 KB
/content/drive/MyDrive/ego4d_data/v1/omnivore_video_swinl_fp16/b65f4313-9e42-422e-87fe-b7bdb91cd56c.pt,File,5.34 MB
/content/drive/MyDrive/ego4d_data/v1/omnivore_video_swinl_fp16/5c3be03c-07a5-4427-a2fe-449f16e8017b.pt,File,4.36 MB
/content/drive/MyDrive/ego4d_data/v1/omnivore_video_swinl_fp16/81be6ac3-8fe1-49c1-849f-06aebada2849.pt,File,2.39 MB
/content/drive/MyDrive/ego4d_data/v1/omnivore_video_swinl_fp16/ac205f91-8511-4772-b0a3-6c6e1ec0925a.pt,File,2.52 MB
/content/drive/MyDrive/ego4d_data/v1/omnivore_video_swinl_fp16/2b8e6ff1-7253-4850-bb44-5b4349f18a62.pt,File,579.73 KB
/content/drive/MyDrive/ego4d_data/v1/omnivore_video_swinl_fp16/81aaf910-e32a-46f0-a1e9-a45fe5e19e25.pt,File,138.73 KB
/content/drive/MyDrive/ego4d_data/v1/omnivore_video_swinl_fp16/51224e32-3d6c-4148-9eea-7b73da751f25.pt,File,2.92 MB
/content/drive/MyDrive/ego4d_data/v1/omnivore_video_swinl_fp16/dfdfde56-5e0f-4e8f-aa5b-73fae9336086.pt,File,6.55 MB
/content/drive/MyDrive/ego4d_data/v1/omnivore_video_swinl_fp16/d8c894ab-7b08-4983-9e80-fdb5d6ee0202.pt,File,27.81 MB
/content/drive/MyDrive/ego4d_data/v1/omnivore_video_swinl_fp16/6d9f116a-3602-480b-a635-f7109250c8aa.pt,File,8.19 MB
/content/drive/MyDrive/ego4d_data/v1/omnivore_video_swinl_fp16/c939aae4-e7c8-453c-8671-40573db0c656.pt,File,17.44 MB
/content/drive/MyDrive/ego4d_data/v1/omnivore_video_swinl_fp16/66fc3efa-aa5a-4bf4-b2ad-dd3860818cc4.pt,File,2.03 MB
/content/drive/MyDrive/ego4d_data/v1/omnivore_video_swinl_fp16/ece0aedb-c857-4cbc-aa62-bf3c0ad69b9b.pt,File,2.76 MB
/content/drive/MyDrive/ego4d_data/v1/omnivore_video_swinl_fp16/4066339d-b061-4550-a8fa-988fc4861714.pt,File,3.81 MB
/content/drive/MyDrive/ego4d_data/v1/omnivore_video_swinl_fp16/204d459b-5204-49e0-addb-bba576dc3686.pt,File,14.94 MB
/content/drive/MyDrive/ego4d_data/v1/omnivore_video_swinl_fp16/80111886-6bab-4b16-aac6-1dfa42357d8b.pt,File,4.13 MB
/content/drive/MyDrive/ego4d_data/v1/omnivore_video_swinl_fp16/8dcd4544-1280-41ec-b7e9-7a5684052d43.pt,File,3.37 MB
/content/drive/MyDrive/ego4d_data/v1/omnivore_video_swinl_fp16/ceea3a90-8339-4512-8ae2-0da5f1ee6bff.pt,File,1.15 MB
/content/drive/MyDrive/ego4d_data/v1/omnivore_video_swinl_fp16/3558a7e6-5c41-4035-b6cd-954311d2862c.pt,File,813.73 KB
/content/drive/MyDrive/ego4d_data/v1/omnivore_video_swinl_fp16/d1f59fb1-5f81-4bd4-b3f1-81d69ab71ef6.pt,File,5.84 MB
/content/drive/MyDrive/ego4d_data/v1/omnivore_video_swinl_fp16/3bbf723b-6893-42fc-bd59-3c59f3eb9745.pt,File,4.99 MB
/content/drive/MyDrive/ego4d_data/v1/omnivore_video_swinl_fp16/4f11d6b8-1f78-4d99-9b34-7b89bc007b25.pt,File,11.56 MB
/content/drive/MyDrive/ego4d_data/v1/omnivore_video_swinl_fp16/ffd863cb-f06b-404e-a013-54acb61f1ed9.pt,File,3.89 MB
/content/drive/MyDrive/ego4d_data/v1/omnivore_video_swinl_fp16/dc382b28-2f31-4276-b972-0b7dea9ebaad.pt,File,735.73 KB
/content/drive/MyDrive/ego4d_data/v1/omnivore_video_swinl_fp16/473d22ab-824e-4d9a-8bc0-924d499694d0.pt,File,99.73 KB
/content/drive/MyDrive/ego4d_data/v1/omnivore_video_swinl_fp16/e9725499-415a-490c-a1c7-6089030c958a.pt,File,14.14 MB
/content/drive/MyDrive/ego4d_data/v1/omnivore_video_swinl_fp16/4f52acb9-9f42-4424-a4ac-2d3bc8fd5a5f.pt,File,10.81 MB
/content/drive/MyDrive/ego4d_data/v1/omnivore_video_swinl_fp16/d38dad44-e3ef-43f0-8613-832757458348.pt,File,4.05 MB
/content/drive/MyDrive/ego4d_data/v1/omnivore_video_swinl_fp16/28313dbe-ad68-43cb-bb72-602d5600d15a.pt,File,4.17 MB
/content/drive/MyDrive/ego4d_data/v1/omnivore_video_swinl_fp16/0c09032d-2139-41fe-8f76-21f33bbebf31.pt,File,5.84 MB
/content/drive/MyDrive/ego4d_data/v1/omnivore_video_swinl_fp16/44327c5e-9442-4334-b675-8019df3678af.pt,File,18.66 MB
/content/drive/MyDrive/ego4d_data/v1/omnivore_video_swinl_fp16/1da50887-dd33-4644-9377-1bf855b86ffd.pt,File,2.92 MB
/content/drive/MyDrive/ego4d_data/v1/omnivore_video_swinl_fp16/a80515ff-59ca-4d48-8769-94ca8d588973.pt,File,348.73 KB
/content/drive/MyDrive/ego4d_data/v1/omnivore_video_swinl_fp16/0d06eef8-db05-441e-b8bd-9087d4279ed5.pt,File,3.73 MB
/content/drive/MyDrive/ego4d_data/v1/omnivore_video_swinl_fp16/891b4e61-3d8f-4854-9d59-7e5949b3af7b.pt,File,12.02 MB
/content/drive/MyDrive/ego4d_data/v1/omnivore_video_swinl_fp16/9423d805-13a8-4281-bd68-ed4a3b0c449c.pt,File,7.71 MB
/content/drive/MyDrive/ego4d_data/v1/omnivore_video_swinl_fp16/ceeb75e8-ee95-4a5f-8ec0-e2a6fcb4d080.pt,File,5.00 MB
/content/drive/MyDrive/ego4d_data/v1/omnivore_video_swinl_fp16/ab23f96e-d41f-411f-9923-c6d7ed0c0eb7.pt,File,2.51 MB
/content/drive/MyDrive/ego4d_data/v1/omnivore_video_swinl_fp16/94797ff8-a780-4f2b-8e0b-0242f8ffee19.pt,File,11.68 MB
/content/drive/MyDrive/ego4d_data/v1/omnivore_video_swinl_fp16/73803873-303f-484c-b647-0b6dd8f6c1c3.pt,File,7.77 MB
/content/drive/MyDrive/ego4d_data/v1/omnivore_video_swinl_fp16/dc306087-4841-4ae3-9136-0dc45716bb9b.pt,File,9.01 MB
/content/drive/MyDrive/ego4d_data/v1/omnivore_video_swinl_fp16/6b784dfc-eb28-4efd-a71f-faa546259f5c.pt,File,10.70 MB
/content/drive/MyDrive/ego4d_data/v1/omnivore_video_swinl_fp16/3b8a77f0-153c-4e93-82f9-ae2aa84596ed.pt,File,9.89 MB
/content/drive/MyDrive/ego4d_data/v1/omnivore_video_swinl_fp16/558a082a-fcae-4cae-bcfc-5f69be53e497.pt,File,417.73 KB
/content/drive/MyDrive/ego4d_data/v1/omnivore_video_swinl_fp16/4453ce6d-e2f9-45eb-8694-daf9057daacf.pt,File,1.32 MB
/content/drive/MyDrive/ego4d_data/v1/omnivore_video_swinl_fp16/3dc2e9fc-16b0-44ad-b50b-3bb5bb099d60.pt,File,1.23 MB
/content/drive/MyDrive/ego4d_data/v1/omnivore_video_swinl_fp16/b493e8e3-4e18-4480-8e63-c21e25bf99f7.pt,File,447.73 KB
/content/drive/MyDrive/ego4d_data/v1/omnivore_video_swinl_fp16/a0d770d9-82d2-4760-b4ca-f3e52b5162cd.pt,File,5.26 MB
/content/drive/MyDrive/ego4d_data/v1/omnivore_video_swinl_fp16/32287654-7f5b-4d24-bdb0-5f0ceb6dfd24.pt,File,5.13 MB
/content/drive/MyDrive/ego4d_data/v1/omnivore_video_swinl_fp16/a7bffd05-bb79-45cd-8bd1-8c30c5553ddf.pt,File,3.60 MB
/content/drive/MyDrive/ego4d_data/v1/omnivore_video_swinl_fp16/dc615634-8536-45be-a98f-45b76252bfa3.pt,File,4.61 MB
/content/drive/MyDrive/ego4d_data/v1/omnivore_video_swinl_fp16/568e964d-455e-42f2-a764-3f2c6d75157c.pt,File,3.09 MB
/content/drive/MyDrive/ego4d_data/v1/omnivore_video_swinl_fp16/879c0eae-cc23-4dea-8b42-95ffe8e173d1.pt,File,294.73 KB
/content/drive/MyDrive/ego4d_data/v1/omnivore_video_swinl_fp16/d0b0a1c5-d1a5-4cdb-8f15-c12d3c57cc24.pt,File,2.90 MB
/content/drive/MyDrive/ego4d_data/v1/omnivore_video_swinl_fp16/45e463b2-bdd5-407a-ab5c-8a5c5534e078.pt,File,1.25 MB
/content/drive/MyDrive/ego4d_data/v1/omnivore_video_swinl_fp16/057670b3-f243-416c-b41b-82d309fd2b88.pt,File,2.01 MB
/content/drive/MyDrive/ego4d_data/v1/omnivore_video_swinl_fp16/8fdc8697-27a3-4a1f-b4a0-fde63d4cfd48.pt,File,3.13 MB
/content/drive/MyDrive/ego4d_data/v1/omnivore_video_swinl_fp16/fe6d1a78-c9bd-4570-8cce-0b9fccd219b9.pt,File,9.87 MB
/content/drive/MyDrive/ego4d_data/v1/omnivore_video_swinl_fp16/14f223fb-e812-49b6-9758-5b312df21d5c.pt,File,840.73 KB
/content/drive/MyDrive/ego4d_data/v1/omnivore_video_swinl_fp16/89fb42b8-a974-4c62-b5da-478f290d32c1.pt,File,4.44 MB
/content/drive/MyDrive/ego4d_data/v1/omnivore_video_swinl_fp16/479c4b6d-f278-40eb-9a7c-a193ff0d4bac.pt,File,294.73 KB
/content/drive/MyDrive/ego4d_data/v1/omnivore_video_swinl_fp16/d9eb1ae4-acee-457e-a0bf-b0e49b4576ce.pt,File,6.29 MB
/content/drive/MyDrive/ego4d_data/v1/omnivore_video_swinl_fp16/744c58f8-9a76-40d4-838f-8c7676fcb316.pt,File,5.56 MB
/content/drive/MyDrive/ego4d_data/v1/omnivore_video_swinl_fp16/543ac6fc-9f77-4cdd-b7fe-6721cb037916.pt,File,1.59 MB
/content/drive/MyDrive/ego4d_data/v1/omnivore_video_swinl_fp16/dea0ae26-eef2-4065-95cd-90feb5e7121f.pt,File,7.77 MB
/content/drive/MyDrive/ego4d_data/v1/omnivore_video_swinl_fp16/29e00040-6e0f-4f0e-816d-1ac97c1e5485.pt,File,16.36 MB
/content/drive/MyDrive/ego4d_data/v1/omnivore_video_swinl_fp16/d680fc86-1484-4f8d-9a5b-90fc4f473aee.pt,File,1.69 MB
/content/drive/MyDrive/ego4d_data/v1/omnivore_video_swinl_fp16/b5c16a18-63c4-4d06-87ba-88f0d8101012.pt,File,1.78 MB
/content/drive/MyDrive/ego4d_data/v1/omnivore_video_swinl_fp16/f324ccbc-bef5-4d68-9722-cc99bdaaa660.pt,File,10.91 MB
/content/drive/MyDrive/ego4d_data/v1/omnivore_video_swinl_fp16/3c7f716e-b3c3-4e9b-96a4-b5997a29a3e7.pt,File,10.69 MB
/content/drive/MyDrive/ego4d_data/v1/omnivore_video_swinl_fp16/9ffdb530-718d-4898-aeba-1f7832a4c13b.pt,File,1.18 MB
/content/drive/MyDrive/ego4d_data/v1/omnivore_video_swinl_fp16/11ea0e12-7398-48d0-a674-1c66da3a55eb.pt,File,1.50 MB
/content/drive/MyDrive/ego4d_data/v1/omnivore_video_swinl_fp16/e4ad6fd7-2e3e-4991-b392-a0056f702286.pt,File,21.26 MB
/content/drive/MyDrive/ego4d_data/v1/omnivore_video_swinl_fp16/3b4a581f-2de7-4089-a3aa-8a28cb920331.pt,File,3.75 MB
/content/drive/MyDrive/ego4d_data/v1/omnivore_video_swinl_fp16/408e2503-3c1e-46bb-b3d1-39c41a11d361.pt,File,846.73 KB
/content/drive/MyDrive/ego4d_data/v1/omnivore_video_swinl_fp16/7ba88d57-1d50-4fa0-973d-e2e064f13c88.pt,File,18.00 MB
/content/drive/MyDrive/ego4d_data/v1/omnivore_video_swinl_fp16/8e23dc43-7025-4548-a2bd-0f7d85631602.pt,File,2.75 MB
/content/drive/MyDrive/ego4d_data/v1/omnivore_video_swinl_fp16/1beca23d-14f6-4145-9cfd-86f8a8b240e2.pt,File,4.78 MB
/content/drive/MyDrive/ego4d_data/v1/omnivore_video_swinl_fp16/aa746a74-9e1b-49c6-9e27-f0c8d2f58642.pt,File,1.13 MB
/content/drive/MyDrive/ego4d_data/v1/omnivore_video_swinl_fp16/55301af6-c76b-45ae-a7b0-0135f9b5c06e.pt,File,5.35 MB
/content/drive/MyDrive/ego4d_data/v1/omnivore_video_swinl_fp16/49559c6a-7419-42d6-811a-5a62c3d6ece8.pt,File,1.79 MB
/content/drive/MyDrive/ego4d_data/v1/omnivore_video_swinl_fp16/078f6bad-aa22-48bf-9df2-4d2f6ba7b556.pt,File,3.22 MB
/content/drive/MyDrive/ego4d_data/v1/omnivore_video_swinl_fp16/6199434f-409d-4ac8-8a8f-bb4048d45d9b.pt,File,15.16 MB
/content/drive/MyDrive/ego4d_data/v1/omnivore_video_swinl_fp16/db9805e6-c9fc-46bb-b0a9-c4025721cff0.pt,File,4.06 MB
/content/drive/MyDrive/ego4d_data/v1/omnivore_video_swinl_fp16/99a632bf-2f91-4e9a-9974-837dcf2a0fea.pt,File,6.45 MB
/content/drive/MyDrive/ego4d_data/v1/omnivore_video_swinl_fp16/85c33c5b-b611-452e-afc4-fb9963206e38.pt,File,2.26 MB
/content/drive/MyDrive/ego4d_data/v1/omnivore_video_swinl_fp16/6c8bc8b8-76d2-4f27-ab4b-c3f2d7e0a1a6.pt,File,342.73 KB
/content/drive/MyDrive/ego4d_data/v1/omnivore_video_swinl_fp16/5af8e5f9-2a28-485c-9604-6f5f9f290c82.pt,File,24.12 MB
/content/drive/MyDrive/ego4d_data/v1/omnivore_video_swinl_fp16/4220db3a-4708-4fd1-ab67-0ef1586906cd.pt,File,7.80 MB
/content/drive/MyDrive/ego4d_data/v1/omnivore_video_swinl_fp16/24b995e8-9150-43be-953c-f96959c151b5.pt,File,1.39 MB
/content/drive/MyDrive/ego4d_data/v1/omnivore_video_swinl_fp16/4252f2a4-4dd8-4b46-9e90-3b46dc49520c.pt,File,666.73 KB
/content/drive/MyDrive/ego4d_data/v1/omnivore_video_swinl_fp16/36248b1e-9ba7-4789-bbf5-b9e33e3ab408.pt,File,2.26 MB
/content/drive/MyDrive/ego4d_data/v1/omnivore_video_swinl_fp16/d66f42bb-822b-444a-bce0-ddd15b29bd1b.pt,File,1.17 MB
/content/drive/MyDrive/ego4d_data/v1/omnivore_video_swinl_fp16/ec469668-19d7-4120-b97f-fcaa79d35215.pt,File,1.26 MB
/content/drive/MyDrive/ego4d_data/v1/omnivore_video_swinl_fp16/9089e01e-c28e-4767-9478-ffd7daba9b79.pt,File,11.62 MB
/content/drive/MyDrive/ego4d_data/v1/omnivore_video_swinl_fp16/c9932108-4869-4de7-999c-a5b6291b1d6c.pt,File,8.44 MB
/content/drive/MyDrive/ego4d_data/v1/omnivore_video_swinl_fp16/52d248bf-0d93-4418-a767-c4dd3cc2d668.pt,File,7.11 MB
/content/drive/MyDrive/ego4d_data/v1/omnivore_video_swinl_fp16/7bbebd35-f550-436f-92ac-02307a9fe138.pt,File,1.59 MB
/content/drive/MyDrive/ego4d_data/v1/omnivore_video_swinl_fp16/6362c66e-473f-4a09-a736-6425165aa63d.pt,File,594.73 KB
/content/drive/MyDrive/ego4d_data/v1/omnivore_video_swinl_fp16/bb3b126d-b4bd-4a9e-a6a6-9201f5bb00db.pt,File,423.73 KB
/content/drive/MyDrive/ego4d_data/v1/omnivore_video_swinl_fp16/2dd04abb-859f-4121-9eeb-4db511b54c7b.pt,File,993.73 KB
/content/drive/MyDrive/ego4d_data/v1/omnivore_video_swinl_fp16/7d43e858-fc76-4f75-83b7-0da80e3a8a46.pt,File,354.73 KB
/content/drive/MyDrive/ego4d_data/v1/omnivore_video_swinl_fp16/fc996b6b-f855-4b68-8b17-fd8b44f5380e.pt,File,765.73 KB
/content/drive/MyDrive/ego4d_data/v1/omnivore_video_swinl_fp16/0c8c2f4b-a006-47ca-8826-133af1dfb632.pt,File,903.73 KB
/content/drive/MyDrive/ego4d_data/v1/omnivore_video_swinl_fp16/5ea2f8d5-93cc-4512-88de-b288b5bc07f4.pt,File,8.73 MB
/content/drive/MyDrive/ego4d_data/v1/omnivore_video_swinl_fp16/5a113615-91a9-4147-b924-f31cd15275e6.pt,File,375.73 KB
/content/drive/MyDrive/ego4d_data/v1/omnivore_video_swinl_fp16/5c172db2-eca2-4f9a-8963-b2111123fef2.pt,File,5.53 MB
/content/drive/MyDrive/ego4d_data/v1/omnivore_video_swinl_fp16/13e70b53-abc6-46d3-96da-d30b8327b223.pt,File,5.00 MB
/content/drive/MyDrive/ego4d_data/v1/omnivore_video_swinl_fp16/73773748-14ac-40ba-9ef8-d5a70865aeea.pt,File,6.49 MB
/content/drive/MyDrive/ego4d_data/v1/omnivore_video_swinl_fp16/844b8092-d3ae-4287-b67d-50effce9caa0.pt,File,14.20 MB
/content/drive/MyDrive/ego4d_data/v1/omnivore_video_swinl_fp16/cb83eaff-62e9-4aff-bcdc-e3d747103020.pt,File,1.83 MB
/content/drive/MyDrive/ego4d_data/v1/omnivore_video_swinl_fp16/c2e6d807-d903-4b64-98e1-2c07ca700c78.pt,File,11.49 MB
/content/drive/MyDrive/ego4d_data/v1/omnivore_video_swinl_fp16/8fb142f0-8eb4-4c90-8e3d-08d1bcc2314b.pt,File,8.86 MB
/content/drive/MyDrive/ego4d_data/v1/omnivore_video_swinl_fp16/43299c49-5466-44c0-b786-1100467ef836.pt,File,114.73 KB
/content/drive/MyDrive/ego4d_data/v1/omnivore_video_swinl_fp16/cf8345a5-30e1-44f9-8751-bd99836b5b1f.pt,File,1.29 MB
/content/drive/MyDrive/ego4d_data/v1/omnivore_video_swinl_fp16/90999b6f-76c3-432f-b44b-76f5e5ec5d96.pt,File,195.73 KB
/content/drive/MyDrive/ego4d_data/v1/omnivore_video_swinl_fp16/803d0524-47c8-45fe-a5d1-c6a71e2cd54b.pt,File,4.55 MB
/content/drive/MyDrive/ego4d_data/v1/omnivore_video_swinl_fp16/e7cda49b-1c03-4d74-a759-c2eeb96465b4.pt,File,501.73 KB
/content/drive/MyDrive/ego4d_data/v1/omnivore_video_swinl_fp16/539f4a3a-06ae-4432-8fa9-d2c7d147a71c.pt,File,105.73 KB
/content/drive/MyDrive/ego4d_data/v1/omnivore_video_swinl_fp16/64246b7f-86c9-4062-a11f-3352fae1fca1.pt,File,3.89 MB
/content/drive/MyDrive/ego4d_data/v1/omnivore_video_swinl_fp16/d4c28488-a494-405d-bc8d-27a074aa9c5c.pt,File,7.09 MB
/content/drive/MyDrive/ego4d_data/v1/omnivore_video_swinl_fp16/0677b703-0443-4cf3-9d51-19dcb2b3f06d.pt,File,12.20 MB
/content/drive/MyDrive/ego4d_data/v1/omnivore_video_swinl_fp16/ee0a0b25-f06a-4e17-813b-248f99b2e8b8.pt,File,30.19 MB
/content/drive/MyDrive/ego4d_data/v1/omnivore_video_swinl_fp16/13afdff5-2f0b-411a-a8ee-09991373b3ed.pt,File,231.73 KB
/content/drive/MyDrive/ego4d_data/v1/omnivore_video_swinl_fp16/a6bd7096-ada1-4fe1-a81b-3b7609a39f31.pt,File,2.06 MB
/content/drive/MyDrive/ego4d_data/v1/omnivore_video_swinl_fp16/54d4c567-1b9d-448c-a60d-d7911fe7b95d.pt,File,144.73 KB
/content/drive/MyDrive/ego4d_data/v1/omnivore_video_swinl_fp16/a8552764-45e5-43da-9b99-c2e6cac405be.pt,File,1.94 MB
/content/drive/MyDrive/ego4d_data/v1/omnivore_video_swinl_fp16/543e7281-50c8-4189-b4f8-ef3bbed83ed7.pt,File,11.62 MB
/content/drive/MyDrive/ego4d_data/v1/omnivore_video_swinl_fp16/aea0b0dd-5aa0-44b9-8740-a5be68062623.pt,File,531.73 KB
/content/drive/MyDrive/ego4d_data/v1/omnivore_video_swinl_fp16/fb9e3ced-f2d6-46fa-9e8e-a60579e00911.pt,File,2.69 MB
/content/drive/MyDrive/ego4d_data/v1/omnivore_video_swinl_fp16/aa3aa45a-ab0a-4f3e-9629-ed8e8e68b533.pt,File,1.89 MB
/content/drive/MyDrive/ego4d_data/v1/omnivore_video_swinl_fp16/e91cd74f-eba1-4927-922f-a63839643715.pt,File,2.10 MB
/content/drive/MyDrive/ego4d_data/v1/omnivore_video_swinl_fp16/51a00118-c4f0-443c-ac0a-269fcd6c2119.pt,File,3.28 MB
/content/drive/MyDrive/ego4d_data/v1/omnivore_video_swinl_fp16/60534403-8f96-477a-a04d-bd939468cf10.pt,File,726.73 KB
/content/drive/MyDrive/ego4d_data/v1/omnivore_video_swinl_fp16/6e0a6558-c212-4cab-b374-007671edb59c.pt,File,2.92 MB
/content/drive/MyDrive/ego4d_data/v1/omnivore_video_swinl_fp16/29ed0e34-0c0e-4c87-9175-59ee92aa48d9.pt,File,6.11 MB
/content/drive/MyDrive/ego4d_data/v1/omnivore_video_swinl_fp16/83bba300-083d-4f04-9ba7-e1c318c5efcf.pt,File,2.86 MB
/content/drive/MyDrive/ego4d_data/v1/omnivore_video_swinl_fp16/e00d8164-9996-48ed-8645-bb88ab30cc09.pt,File,5.81 MB
/content/drive/MyDrive/ego4d_data/v1/omnivore_video_swinl_fp16/69ed5dc3-ed83-47fb-aac0-71d997904494.pt,File,402.73 KB
/content/drive/MyDrive/ego4d_data/v1/omnivore_video_swinl_fp16/1321d3aa-dc41-4bee-94a7-559536885b88.pt,File,2.79 MB
/content/drive/MyDrive/ego4d_data/v1/omnivore_video_swinl_fp16/c115ba6e-cc76-4d8c-b28e-b659a558fc43.pt,File,3.99 MB
/content/drive/MyDrive/ego4d_data/v1/omnivore_video_swinl_fp16/7a43089b-fad6-4ba2-8d3f-ba47c2efc61e.pt,File,8.76 MB
/content/drive/MyDrive/ego4d_data/v1/omnivore_video_swinl_fp16/559ddb1f-f0c0-4d27-b2c2-ebabe103dc3b.pt,File,3.79 MB
/content/drive/MyDrive/ego4d_data/v1/omnivore_video_swinl_fp16/36275bce-bd4d-44e8-b728-8587a73f8d79.pt,File,4.45 MB
/content/drive/MyDrive/ego4d_data/v1/omnivore_video_swinl_fp16/83af5740-e2a0-44e2-a504-d24cdedec4cd.pt,File,1.12 MB
/content/drive/MyDrive/ego4d_data/v1/omnivore_video_swinl_fp16/1df0665a-91f7-48ff-b74d-0e4b1c3729e0.pt,File,1.64 MB
/content/drive/MyDrive/ego4d_data/v1/omnivore_video_swinl_fp16/c6c0171a-50b6-4541-b7d8-daee89bef013.pt,File,3.45 MB
/content/drive/MyDrive/ego4d_data/v1/omnivore_video_swinl_fp16/47ed7c1c-5b7a-4d4d-9d1c-def09dae5f08.pt,File,4.64 MB
/content/drive/MyDrive/ego4d_data/v1/omnivore_video_swinl_fp16/3b609b23-f91d-43da-9918-ce928181f53f.pt,File,2.88 MB
/content/drive/MyDrive/ego4d_data/v1/omnivore_video_swinl_fp16/29bc686e-8f5c-49de-a23e-c0b802e47d4d.pt,File,42.73 KB
/content/drive/MyDrive/ego4d_data/v1/omnivore_video_swinl_fp16/ae2d6792-7bdb-43c4-89b2-fc58c4b977d7.pt,File,3.21 MB
/content/drive/MyDrive/ego4d_data/v1/omnivore_video_swinl_fp16/b2525e86-0301-4c1a-9991-155fd49236be.pt,File,2.01 MB
/content/drive/MyDrive/ego4d_data/v1/omnivore_video_swinl_fp16/9fabfbc8-1d5c-495e-9bb2-03795f0145ae.pt,File,1008.73 KB
/content/drive/MyDrive/ego4d_data/v1/omnivore_video_swinl_fp16/2dbb7845-1de0-4e26-877a-035c051d12a5.pt,File,4.12 MB
/content/drive/MyDrive/ego4d_data/v1/omnivore_video_swinl_fp16/da17baff-d7f9-4d48-8ca0-d4991d8a440f.pt,File,3.22 MB
/content/drive/MyDrive/ego4d_data/v1/omnivore_video_swinl_fp16/7d6d6cae-0601-485d-b900-482b4254e9f8.pt,File,11.07 MB
/content/drive/MyDrive/ego4d_data/v1/omnivore_video_swinl_fp16/1938c632-f575-49dd-8ae0-e48dbb467920.pt,File,3.75 MB
/content/drive/MyDrive/ego4d_data/v1/omnivore_video_swinl_fp16/e230ee03-c90d-426c-91d2-256bdc0a3e68.pt,File,3.89 MB
/content/drive/MyDrive/ego4d_data/v1/omnivore_video_swinl_fp16/216c7a1a-7ec3-4aa0-a465-e37e7b5fd2f3.pt,File,15.04 MB
/content/drive/MyDrive/ego4d_data/v1/omnivore_video_swinl_fp16/4d89d233-dbcf-4ea2-a90f-9a2c3b42d1d5.pt,File,10.37 MB
/content/drive/MyDrive/ego4d_data/v1/omnivore_video_swinl_fp16/6abc010d-be71-498d-af0b-15c5845d315f.pt,File,933.73 KB
/content/drive/MyDrive/ego4d_data/v1/omnivore_video_swinl_fp16/1e64cbac-80af-4aa8-86bd-cc03c081ab1a.pt,File,1011.73 KB
/content/drive/MyDrive/ego4d_data/v1/omnivore_video_swinl_fp16/82a3744e-cedb-4a4f-8e47-bc5c1a2b3ac0.pt,File,2.24 MB
/content/drive/MyDrive/ego4d_data/v1/omnivore_video_swinl_fp16/0755c2cb-eb91-4e44-aac6-19b5237befd5.pt,File,1.39 MB
/content/drive/MyDrive/ego4d_data/v1/omnivore_video_swinl_fp16/cce95cd8-188e-4d6b-996f-07f58fc9d117.pt,File,2.09 MB
/content/drive/MyDrive/ego4d_data/v1/omnivore_video_swinl_fp16/a4d935e5-68f9-4762-8831-51a8186456f7.pt,File,972.73 KB
/content/drive/MyDrive/ego4d_data/v1/omnivore_video_swinl_fp16/633d1e83-f350-4983-87fd-4e9b9e9ed754.pt,File,2.86 MB
/content/drive/MyDrive/ego4d_data/v1/omnivore_video_swinl_fp16/fc517ef5-572c-43ee-9e43-6fdd6f6d5768.pt,File,1.49 MB
/content/drive/MyDrive/ego4d_data/v1/omnivore_video_swinl_fp16/292b2447-407d-45b5-8663-8d92a3f03064.pt,File,3.89 MB
/content/drive/MyDrive/ego4d_data/v1/omnivore_video_swinl_fp16/40a7470c-f3ed-41d4-956a-4b65f97e895a.pt,File,6.68 MB
/content/drive/MyDrive/ego4d_data/v1/omnivore_video_swinl_fp16/3fa54ca6-3988-4a7f-9295-41236f4ee925.pt,File,1.43 MB
/content/drive/MyDrive/ego4d_data/v1/omnivore_video_swinl_fp16/11fb6f55-4bf0-4992-ad15-d30a51447ab3.pt,File,5.81 MB
/content/drive/MyDrive/ego4d_data/v1/omnivore_video_swinl_fp16/6667265c-5d06-4072-b761-649eeab04fc9.pt,File,2.01 MB
/content/drive/MyDrive/ego4d_data/v1/omnivore_video_swinl_fp16/47416649-3b1f-48d4-b6fa-c16c4400ce9e.pt,File,1.88 MB
/content/drive/MyDrive/ego4d_data/v1/omnivore_video_swinl_fp16/0cb2dd94-afb1-4e30-a62f-724f34d81777.pt,File,4.15 MB
/content/drive/MyDrive/ego4d_data/v1/omnivore_video_swinl_fp16/c9b40d8d-7cb5-4ce7-9e30-8d36adb94a4f.pt,File,408.73 KB
/content/drive/MyDrive/ego4d_data/v1/omnivore_video_swinl_fp16/0a4dded4-0ee3-4c9d-b13e-f9f2fa85dfa3.pt,File,3.53 MB
/content/drive/MyDrive/ego4d_data/v1/omnivore_video_swinl_fp16/fa2f1291-3796-41a6-8f7b-6e7c1491b9b2.pt,File,3.42 MB
/content/drive/MyDrive/ego4d_data/v1/omnivore_video_swinl_fp16/df59a988-5814-4bc4-9445-93d50cef9b69.pt,File,2.63 MB
/content/drive/MyDrive/ego4d_data/v1/omnivore_video_swinl_fp16/11f51f72-c0bd-4631-aabb-6ecbe17d95c9.pt,File,5.10 MB
/content/drive/MyDrive/ego4d_data/v1/omnivore_video_swinl_fp16/864a2391-63d5-4f64-9ba2-cf1367c178c2.pt,File,36.73 KB
/content/drive/MyDrive/ego4d_data/v1/omnivore_video_swinl_fp16/0d807e15-cf55-4038-83c4-d064a9ec2b46.pt,File,3.89 MB
/content/drive/MyDrive/ego4d_data/v1/omnivore_video_swinl_fp16/9061bd1f-52ee-4aee-bbff-93c186cca302.pt,File,156.73 KB
/content/drive/MyDrive/ego4d_data/v1/omnivore_video_swinl_fp16/6f9d83ec-bea0-4788-8079-ff409d7da830.pt,File,5.81 MB
/content/drive/MyDrive/ego4d_data/v1/omnivore_video_swinl_fp16/1de259f4-6130-4c10-a83c-e2a6b78c9d34.pt,File,5.81 MB
/content/drive/MyDrive/ego4d_data/v1/omnivore_video_swinl_fp16/a5fe04fd-4224-4a95-a3df-33d339570a0d.pt,File,2.50 MB
/content/drive/MyDrive/ego4d_data/v1/omnivore_video_swinl_fp16/061df4a0-dbe4-4c05-bb44-e7cdc6b235c9.pt,File,765.73 KB
/content/drive/MyDrive/ego4d_data/v1/omnivore_video_swinl_fp16/41416e77-3b9a-4685-bd1b-ba26b5ba19b2.pt,File,2.84 MB
/content/drive/MyDrive/ego4d_data/v1/omnivore_video_swinl_fp16/1dcc108c-8bd4-42ad-b2c5-03662be62eda.pt,File,29.06 MB
/content/drive/MyDrive/ego4d_data/v1/omnivore_video_swinl_fp16/624a6c0a-a4cb-4073-b501-48e4b6b679e4.pt,File,6.91 MB
/content/drive/MyDrive/ego4d_data/v1/omnivore_video_swinl_fp16/90f8d8f3-21af-4554-a56d-fecf36467855.pt,File,495.73 KB
/content/drive/MyDrive/ego4d_data/v1/omnivore_video_swinl_fp16/74712ce0-8575-4bef-a269-6b7af97ac5c0.pt,File,5.81 MB
/content/drive/MyDrive/ego4d_data/v1/omnivore_video_swinl_fp16/ea096b64-6723-4b54-8e17-6b5fcc1a9bd6.pt,File,1.83 MB
/content/drive/MyDrive/ego4d_data/v1/omnivore_video_swinl_fp16/a4376199-d428-480d-a80d-9706f391920d.pt,File,3.29 MB
/content/drive/MyDrive/ego4d_data/v1/omnivore_video_swinl_fp16/12eeb457-8acc-4ae1-a7d8-2b9814612c8e.pt,File,1011.73 KB
/content/drive/MyDrive/ego4d_data/v1/omnivore_video_swinl_fp16/a8486c50-4576-41e3-a9ad-ee809e40c648.pt,File,5.71 MB
/content/drive/MyDrive/ego4d_data/v1/omnivore_video_swinl_fp16/c058dd9b-c4f5-4f0e-b08e-3b62ecdd1695.pt,File,5.34 MB
/content/drive/MyDrive/ego4d_data/v1/omnivore_video_swinl_fp16/a0d1444a-7f22-4575-adfe-d7a27436c545.pt,File,693.73 KB
/content/drive/MyDrive/ego4d_data/v1/omnivore_video_swinl_fp16/d2f675c2-978a-44a4-b8b0-c7da921f5cc0.pt,File,5.81 MB
/content/drive/MyDrive/ego4d_data/v1/omnivore_video_swinl_fp16/ca6c320b-b8cc-48b9-bee6-82f22ca90dcd.pt,File,2.92 MB
/content/drive/MyDrive/ego4d_data/v1/omnivore_video_swinl_fp16/2ac38738-903b-45b8-821e-e0de604caaa1.pt,File,1.44 MB
/content/drive/MyDrive/ego4d_data/v1/omnivore_video_swinl_fp16/cae284a9-0794-4dc0-879a-3126d51a71b6.pt,File,3.72 MB
/content/drive/MyDrive/ego4d_data/v1/omnivore_video_swinl_fp16/c97d0f65-e295-48ee-a5b8-00e3ee989916.pt,File,4.75 MB
/content/drive/MyDrive/ego4d_data/v1/omnivore_video_swinl_fp16/c89a1660-d243-4376-b4bc-970851a122fc.pt,File,1.67 MB
/content/drive/MyDrive/ego4d_data/v1/omnivore_video_swinl_fp16/86bb2595-db49-423d-98a6-03c11299a468.pt,File,1.66 MB
/content/drive/MyDrive/ego4d_data/v1/omnivore_video_swinl_fp16/ecb608ac-6443-46d4-9025-1300c456b8c8.pt,File,474.73 KB
/content/drive/MyDrive/ego4d_data/v1/omnivore_video_swinl_fp16/d5b41979-30df-41f3-9fb3-1e283fca8b3c.pt,File,264.73 KB
/content/drive/MyDrive/ego4d_data/v1/omnivore_video_swinl_fp16/0b6fc89d-bf4b-44f3-82e7-67ee02517459.pt,File,852.73 KB
/content/drive/MyDrive/ego4d_data/v1/omnivore_video_swinl_fp16/afe85823-f95d-4267-91c2-625e2e2e1ea1.pt,File,7.46 MB
/content/drive/MyDrive/ego4d_data/v1/omnivore_video_swinl_fp16/a850112c-68e3-45d7-9fc0-9ada21e970a4.pt,File,3.58 MB
/content/drive/MyDrive/ego4d_data/v1/omnivore_video_swinl_fp16/1f1556e3-c586-4cf6-afff-11804450e6d9.pt,File,1.40 MB
/content/drive/MyDrive/ego4d_data/v1/omnivore_video_swinl_fp16/6edc48aa-c6aa-421a-9bdf-9bec659fef64.pt,File,2.36 MB
/content/drive/MyDrive/ego4d_data/v1/omnivore_video_swinl_fp16/672c902a-7871-4e8f-bae5-6e12e2a4e342.pt,File,1.19 MB
/content/drive/MyDrive/ego4d_data/v1/omnivore_video_swinl_fp16/20f345f7-d592-4d52-851f-3ee4544a847d.pt,File,2.09 MB
/content/drive/MyDrive/ego4d_data/v1/omnivore_video_swinl_fp16/439a78ee-4776-4b70-9ac2-896f9f22f44c.pt,File,3.89 MB
/content/drive/MyDrive/ego4d_data/v1/omnivore_video_swinl_fp16/1dac32da-dcbe-45cb-8ee5-ca1c5b4df01e.pt,File,2.10 MB
/content/drive/MyDrive/ego4d_data/v1/omnivore_video_swinl_fp16/71a46db0-12e5-4a42-8fc4-ce9e87215fa9.pt,File,408.73 KB
/content/drive/MyDrive/ego4d_data/v1/omnivore_video_swinl_fp16/716d39a8-9090-4948-8a7a-2b8d78078718.pt,File,927.73 KB
/content/drive/MyDrive/ego4d_data/v1/omnivore_video_swinl_fp16/542bd8e2-37a1-49be-8f4c-0fedeb1cc9f1.pt,File,2.64 MB
/content/drive/MyDrive/ego4d_data/v1/omnivore_video_swinl_fp16/e17e29ea-a164-42a0-82d3-1df235d745eb.pt,File,66.73 KB
/content/drive/MyDrive/ego4d_data/v1/omnivore_video_swinl_fp16/a892882a-1bdb-4843-a965-291408dcdf1a.pt,File,2.47 MB
/content/drive/MyDrive/ego4d_data/v1/omnivore_video_swinl_fp16/6052a4ef-1227-4a9a-9883-6344081f4991.pt,File,789.73 KB
/content/drive/MyDrive/ego4d_data/v1/omnivore_video_swinl_fp16/96335e41-036f-4cda-88a8-e0914a1d54b2.pt,File,5.77 MB
/content/drive/MyDrive/ego4d_data/v1/omnivore_video_swinl_fp16/5037539c-b8fc-411b-8617-b541d0f3c1a9.pt,File,3.49 MB
/content/drive/MyDrive/ego4d_data/v1/omnivore_video_swinl_fp16/9adc0c59-1167-4311-abf3-7b57a0743b1d.pt,File,3.32 MB
/content/drive/MyDrive/ego4d_data/v1/omnivore_video_swinl_fp16/16c21f86-6bd6-4dd7-a9b6-d98fa9e47808.pt,File,2.25 MB
/content/drive/MyDrive/ego4d_data/v1/omnivore_video_swinl_fp16/03be7d83-7394-45b9-9f36-b55ad721aee1.pt,File,2.69 MB
/content/drive/MyDrive/ego4d_data/v1/omnivore_video_swinl_fp16/fc4d071a-714e-40f7-b77e-e0d448bf082e.pt,File,345.73 KB
/content/drive/MyDrive/ego4d_data/v1/omnivore_video_swinl_fp16/ec9fd60f-578b-4e29-b016-b6a424b064f4.pt,File,2.68 MB
/content/drive/MyDrive/ego4d_data/v1/omnivore_video_swinl_fp16/91f5bcd9-fd21-4b72-8416-d8350abe2cb1.pt,File,3.15 MB
/content/drive/MyDrive/ego4d_data/v1/omnivore_video_swinl_fp16/844005ea-11c6-4565-bf2e-3f471cd674e8.pt,File,3.68 MB
/content/drive/MyDrive/ego4d_data/v1/omnivore_video_swinl_fp16/f8336f3f-b0cc-412e-b934-8645ccb3d0cc.pt,File,777.73 KB
/content/drive/MyDrive/ego4d_data/v1/omnivore_video_swinl_fp16/736fd0be-9335-48d8-aa67-680b0c683efc.pt,File,3.52 MB
/content/drive/MyDrive/ego4d_data/v1/omnivore_video_swinl_fp16/1aa28dec-e81d-4a76-b808-b804efaae529.pt,File,198.73 KB
/content/drive/MyDrive/ego4d_data/v1/omnivore_video_swinl_fp16/24898dc1-61bd-4e90-a034-2853b96e4a91.pt,File,4.84 MB
/content/drive/MyDrive/ego4d_data/v1/omnivore_video_swinl_fp16/29790a18-69cb-4952-8fbf-644a91c4b747.pt,File,5.57 MB
/content/drive/MyDrive/ego4d_data/v1/omnivore_video_swinl_fp16/86315f9b-d779-4f7e-925a-bb6e9bd46f5a.pt,File,405.73 KB
/content/drive/MyDrive/ego4d_data/v1/omnivore_video_swinl_fp16/6e31866f-9e18-4eb4-a435-b175406c577f.pt,File,1.10 MB
/content/drive/MyDrive/ego4d_data/v1/omnivore_video_swinl_fp16/4a3d2db2-1b82-40b7-8a6e-52b6a2fe2b2c.pt,File,3.98 MB
/content/drive/MyDrive/ego4d_data/v1/omnivore_video_swinl_fp16/4dc43a57-8ba2-42e3-b870-8bc441500865.pt,File,996.73 KB
/content/drive/MyDrive/ego4d_data/v1/omnivore_video_swinl_fp16/18433b31-edb7-4147-802a-2fed22f6c1a6.pt,File,120.73 KB
/content/drive/MyDrive/ego4d_data/v1/omnivore_video_swinl_fp16/461f3dd7-9283-4829-9710-888b8323656e.pt,File,345.73 KB
/content/drive/MyDrive/ego4d_data/v1/omnivore_video_swinl_fp16/46af7819-8dfd-4c3c-9b21-5ad0d9095580.pt,File,5.81 MB
/content/drive/MyDrive/ego4d_data/v1/omnivore_video_swinl_fp16/b18345c9-47e7-44a7-9bd1-56c21fb4ef92.pt,File,2.83 MB
/content/drive/MyDrive/ego4d_data/v1/omnivore_video_swinl_fp16/6a13b88e-fedc-4577-bd21-c158bf4c180e.pt,File,234.73 KB
/content/drive/MyDrive/ego4d_data/v1/omnivore_video_swinl_fp16/116a613c-be2e-4dcd-b99f-821ba1bf5463.pt,File,5.54 MB
/content/drive/MyDrive/ego4d_data/v1/omnivore_video_swinl_fp16/35bec14e-4ad3-4e51-8bb5-9ae52c098d30.pt,File,1.94 MB
/content/drive/MyDrive/ego4d_data/v1/omnivore_video_swinl_fp16/6d3939f5-5636-43c7-94bb-86318392bd2d.pt,File,2.93 MB
/content/drive/MyDrive/ego4d_data/v1/omnivore_video_swinl_fp16/398ad750-86ea-4298-a97a-b6b689f1ad13.pt,File,1.98 MB
/content/drive/MyDrive/ego4d_data/v1/omnivore_video_swinl_fp16/dc4238d7-01a6-4480-b5b6-1ae3aa8cd228.pt,File,3.89 MB
/content/drive/MyDrive/ego4d_data/v1/omnivore_video_swinl_fp16/e828f68b-31f7-4caa-9f69-89842e26e914.pt,File,2.48 MB
/content/drive/MyDrive/ego4d_data/v1/omnivore_video_swinl_fp16/a898a794-b5c9-4e8c-ae7c-06df839b6012.pt,File,2.44 MB
/content/drive/MyDrive/ego4d_data/v1/omnivore_video_swinl_fp16/43c06b48-36d0-482b-909b-bf0e84f1ab73.pt,File,522.73 KB
/content/drive/MyDrive/ego4d_data/v1/omnivore_video_swinl_fp16/edc86f1a-a731-4e34-b308-5644f6d5afba.pt,File,336.73 KB
/content/drive/MyDrive/ego4d_data/v1/omnivore_video_swinl_fp16/c1d8c3ca-f127-4dee-95f5-41280edde54e.pt,File,567.73 KB
/content/drive/MyDrive/ego4d_data/v1/omnivore_video_swinl_fp16/11286c45-7869-4b84-81a5-7fcb9a247e9d.pt,File,675.73 KB
/content/drive/MyDrive/ego4d_data/v1/omnivore_video_swinl_fp16/06df3251-8d22-4ea0-8d0a-0ae4760d771f.pt,File,5.27 MB
/content/drive/MyDrive/ego4d_data/v1/omnivore_video_swinl_fp16/a0d60a9f-380d-42d8-b73d-b652f639b060.pt,File,3.99 MB
/content/drive/MyDrive/ego4d_data/v1/omnivore_video_swinl_fp16/2723b029-c547-4a1a-b5ce-309e84357a15.pt,File,3.35 MB
/content/drive/MyDrive/ego4d_data/v1/omnivore_video_swinl_fp16/1a539495-14e5-437d-abd6-2e2e958fe123.pt,File,567.73 KB
/content/drive/MyDrive/ego4d_data/v1/omnivore_video_swinl_fp16/0831d387-a359-427c-832d-b306f4720f45.pt,File,1.21 MB
/content/drive/MyDrive/ego4d_data/v1/omnivore_video_swinl_fp16/2893f124-f815-4a0b-860c-a694e2540783.pt,File,2.98 MB
/content/drive/MyDrive/ego4d_data/v1/omnivore_video_swinl_fp16/manifest.csv,File,1.56 MB
/content/drive/MyDrive/ego4d_data/v1/omnivore_video_swinl_fp16/5d7a27ce-1d80-453e-849b-1148c2b95263.pt,File,9.24 MB
/content/drive/MyDrive/ego4d_data/v1/omnivore_video_swinl_fp16/3e08beb0-9108-4e77-b2ae-80f91ceac474.pt,File,3.32 MB
/content/drive/MyDrive/ego4d_data/v1/omnivore_video_swinl_fp16/a6fb31a3-eca4-4e8f-a23b-16e4f2a9269b.pt,File,24.70 MB
/content/drive/MyDrive/ego4d_data/v1/omnivore_video_swinl_fp16/876dad36-879c-42eb-977d-b500f7c141d3.pt,File,22.03 MB
/content/drive/MyDrive/ego4d_data/v1/omnivore_video_swinl_fp16/2090d1c2-8308-4966-b903-e860b498f4e3.pt,File,5.07 MB
/content/drive/MyDrive/ego4d_data/v1/omnivore_video_swinl_fp16/6498b686-829f-4e75-9495-78c1e5b4db46.pt,File,6.94 MB
/content/drive/MyDrive/ego4d_data/v1/omnivore_video_swinl_fp16/40eeac41-9ec3-4960-b0b3-77074a6ad5b3.pt,File,10.94 MB
/content/drive/MyDrive/ego4d_data/v1/omnivore_video_swinl_fp16/93f78437-229d-4824-a8c1-68d9b17e754d.pt,File,12.76 MB
/content/drive/MyDrive/ego4d_data/v1/omnivore_video_swinl_fp16/f323d145-bed9-41ad-94e4-7a9d12db9825.pt,File,3.40 MB
/content/drive/MyDrive/ego4d_data/v1/omnivore_video_swinl_fp16/ad09372b-2863-4de9-a86c-c46b2f502fe4.pt,File,18.27 MB
/content/drive/MyDrive/ego4d_data/v1/omnivore_video_swinl_fp16/50a395ca-e434-46f3-a2f8-67fc4ca3874b.pt,File,10.26 MB
/content/drive/MyDrive/ego4d_data/v1/omnivore_video_swinl_fp16/bd0d69c1-a6e5-4e02-9835-9b9cfcc0c2f6.pt,File,14.52 MB
/content/drive/MyDrive/ego4d_data/v1/omnivore_video_swinl_fp16/1a89d7f1-fb77-4aef-a97a-d3d54756a9df.pt,File,13.83 MB
/content/drive/MyDrive/ego4d_data/v1/omnivore_video_swinl_fp16/f735d4bb-d65e-4965-ac0d-270c0b9e5993.pt,File,14.16 MB
/content/drive/MyDrive/ego4d_data/v1/omnivore_video_swinl_fp16/e0c4d2c7-fd50-4c50-b40e-e1eda4a5708b.pt,File,6.26 MB
/content/drive/MyDrive/ego4d_data/v1/omnivore_video_swinl_fp16/968139e2-987e-4615-a2d4-fa2e683bae8a.pt,File,18.02 MB
/content/drive/MyDrive/ego4d_data/v1/omnivore_video_swinl_fp16/f4c4c22e-2719-4897-87a8-bb754903eb01.pt,File,1.12 MB
/content/drive/MyDrive/ego4d_data/v1/omnivore_video_swinl_fp16/9440d47e-8bd2-48a8-a85f-1ce407fd03b7.pt,File,21.81 MB
/content/drive/MyDrive/ego4d_data/v1/omnivore_video_swinl_fp16/a3ba5558-2bd5-48c4-abb2-bf675ca6b824.pt,File,17.22 MB
/content/drive/MyDrive/ego4d_data/v1/omnivore_video_swinl_fp16/b8952ddf-dd75-4d30-99f2-4e93a286abda.pt,File,18.01 MB
/content/drive/MyDrive/ego4d_data/v1/omnivore_video_swinl_fp16/c26cda75-ed47-4f46-9076-25cf75bf9f1d.pt,File,139.62 MB
/content/drive/MyDrive/ego4d_data/v1/omnivore_video_swinl_fp16/082db032-f3f2-408b-a116-84d62f673915.pt,File,22.25 MB
/content/drive/MyDrive/ego4d_data/v1/omnivore_video_swinl_fp16/d3a0899e-2093-454c-9f65-30087883193a.pt,File,20.44 MB
/content/drive/MyDrive/ego4d_data/v1/omnivore_video_swinl_fp16/7c0c0057-3bbc-40ef-a91e-4d6e1a637642.pt,File,14.51 MB
/content/drive/MyDrive/ego4d_data/v1/omnivore_video_swinl_fp16/ef820406-e4ce-4596-84a6-5abcde5b268e.pt,File,2.47 MB
/content/drive/MyDrive/ego4d_data/v1/omnivore_video_swinl_fp16/7f1b26ab-ffc6-40c3-9cb3-572311ccf0d9.pt,File,5.48 MB
/content/drive/MyDrive/ego4d_data/v1/omnivore_video_swinl_fp16/bef1d436-14c4-4ed6-b5c7-6d8a9282e996.pt,File,10.96 MB
/content/drive/MyDrive/ego4d_data/v1/omnivore_video_swinl_fp16/8762cf76-5526-43a2-b825-a0c396494c87.pt,File,4.97 MB
/content/drive/MyDrive/ego4d_data/v1/omnivore_video_swinl_fp16/752dd54d-7835-475a-bccd-931fcf1e9655.pt,File,4.63 MB
/content/drive/MyDrive/ego4d_data/v1/omnivore_video_swinl_fp16/ae7b6096-4f00-42af-857d-603c2cbfa940.pt,File,19.95 MB
/content/drive/MyDrive/ego4d_data/v1/omnivore_video_swinl_fp16/bda979cb-dc62-4daf-a87f-8295667c173c.pt,File,9.92 MB
/content/drive/MyDrive/ego4d_data/v1/omnivore_video_swinl_fp16/2d560d56-dc47-4c76-8d41-889c8aa55d66.pt,File,50.72 MB
/content/drive/MyDrive/ego4d_data/v1/omnivore_video_swinl_fp16/d3279f4f-eea5-448f-a930-aafac6b668ac.pt,File,29.31 MB
/content/drive/MyDrive/ego4d_data/v1/omnivore_video_swinl_fp16/7f9f75fd-a660-4635-8890-239c6ad82023.pt,File,14.39 MB
/content/drive/MyDrive/ego4d_data/v1/omnivore_video_swinl_fp16/597b1ca1-e2ea-4a0e-8be0-31b713151ba2.pt,File,13.41 MB
/content/drive/MyDrive/ego4d_data/v1/omnivore_video_swinl_fp16/150c104e-f9bd-4a81-b885-0e8b9968cada.pt,File,14.09 MB
/content/drive/MyDrive/ego4d_data/v1/omnivore_video_swinl_fp16/f97b9bb6-9afc-4743-899f-bfe483e88d97.pt,File,7.84 MB
/content/drive/MyDrive/ego4d_data/v1/omnivore_video_swinl_fp16/6c7abb81-3545-4798-bc17-67eac6deadb3.pt,File,14.44 MB
/content/drive/MyDrive/ego4d_data/v1/omnivore_video_swinl_fp16/c037be7a-e56b-4053-a48b-c593bf069ef4.pt,File,3.25 MB
/content/drive/MyDrive/ego4d_data/v1/omnivore_video_swinl_fp16/3a821d95-cf27-4963-a1c7-d4e3f6c7c3c2.pt,File,9.12 MB
/content/drive/MyDrive/ego4d_data/v1/omnivore_video_swinl_fp16/2f6da5f6-e26c-4ac3-8f71-12386f7588e2.pt,File,12.71 MB
/content/drive/MyDrive/ego4d_data/v1/omnivore_video_swinl_fp16/89193e37-1ed4-4a65-996b-6883f2e1cf61.pt,File,22.22 MB
/content/drive/MyDrive/ego4d_data/v1/omnivore_video_swinl_fp16/cc90b6d6-a283-45f2-9ce1-3639acd6f74c.pt,File,14.50 MB
/content/drive/MyDrive/ego4d_data/v1/omnivore_video_swinl_fp16/0b22b43c-f57e-4f4f-8840-3ca0bf086b9c.pt,File,9.80 MB
/content/drive/MyDrive/ego4d_data/v1/omnivore_video_swinl_fp16/f61a6422-1806-43d8-87d6-bc24d9768d9d.pt,File,11.90 MB
/content/drive/MyDrive/ego4d_data/v1/omnivore_video_swinl_fp16/03f46720-8327-4215-ba56-5d739f6795ef.pt,File,3.13 MB
/content/drive/MyDrive/ego4d_data/v1/omnivore_video_swinl_fp16/b42d2576-1410-4993-bc1d-acf45d9d49b3.pt,File,15.74 MB
/content/drive/MyDrive/ego4d_data/v1/omnivore_video_swinl_fp16/f5c456b2-b998-4f42-82bd-786833fb3891.pt,File,5.52 MB
/content/drive/MyDrive/ego4d_data/v1/omnivore_video_swinl_fp16/c7525cb9-96c6-4714-9d05-9163d3d82109.pt,File,450.73 KB
/content/drive/MyDrive/ego4d_data/v1/omnivore_video_swinl_fp16/6bdc7ecb-0d9c-461f-8f32-ee0fbbe47c49.pt,File,34.77 MB
/content/drive/MyDrive/ego4d_data/v1/omnivore_video_swinl_fp16/5817740f-4858-4923-bd47-b0133aaaed5b.pt,File,11.99 MB
/content/drive/MyDrive/ego4d_data/v1/omnivore_video_swinl_fp16/7e4de34c-b5e4-428d-b2d2-5352d5894d9f.pt,File,663.73 KB
/content/drive/MyDrive/ego4d_data/v1/omnivore_video_swinl_fp16/918c1f07-e923-4ca7-bebc-779c3ef01222.pt,File,10.91 MB
/content/drive/MyDrive/ego4d_data/v1/omnivore_video_swinl_fp16/1c677fb6-92e6-49b7-91db-4bc335e970ab.pt,File,19.37 MB
/content/drive/MyDrive/ego4d_data/v1/omnivore_video_swinl_fp16/d8217a15-4527-4557-94c5-df4eb78b748a.pt,File,20.55 MB
/content/drive/MyDrive/ego4d_data/v1/omnivore_video_swinl_fp16/18be74c1-9b20-41ca-8a89-7d0a1832ff55.pt,File,8.53 MB
/content/drive/MyDrive/ego4d_data/v1/omnivore_video_swinl_fp16/c3b19085-f7eb-4217-8eec-b8cc056f92a1.pt,File,3.68 MB
/content/drive/MyDrive/ego4d_data/v1/omnivore_video_swinl_fp16/316ad960-e087-4d33-ba02-08e83c20e199.pt,File,8.71 MB
/content/drive/MyDrive/ego4d_data/v1/omnivore_video_swinl_fp16/b0429a48-6f89-4544-8128-a24fd63d3149.pt,File,22.45 MB
/content/drive/MyDrive/ego4d_data/v1/omnivore_video_swinl_fp16/e2f492ff-74c7-4fdc-8c93-0d4ebf66cc63.pt,File,11.53 MB
/content/drive/MyDrive/ego4d_data/v1/omnivore_video_swinl_fp16/947aeb0a-78c2-4667-aea5-b7fa6bc05ff7.pt,File,20.06 MB
/content/drive/MyDrive/ego4d_data/v1/omnivore_video_swinl_fp16/252b4e41-56c3-4628-93c9-ab23fea10f09.pt,File,7.51 MB
/content/drive/MyDrive/ego4d_data/v1/omnivore_video_swinl_fp16/9ce38d97-5285-4ea7-bc44-b385acabcf92.pt,File,3.01 MB
/content/drive/MyDrive/ego4d_data/v1/omnivore_video_swinl_fp16/af16d9ef-f726-49dc-bf2e-73553dd417fd.pt,File,19.06 MB
/content/drive/MyDrive/ego4d_data/v1/omnivore_video_swinl_fp16/4c642620-db0e-4096-9ece-2b2c6fdb47b0.pt,File,24.11 MB
/content/drive/MyDrive/ego4d_data/v1/omnivore_video_swinl_fp16/5d4facb9-9473-4cf2-a7a6-bfc1e4e01833.pt,File,10.22 MB
/content/drive/MyDrive/ego4d_data/v1/omnivore_video_swinl_fp16/ca904341-e8f2-4d13-953f-fd7c8e276973.pt,File,5.63 MB
/content/drive/MyDrive/ego4d_data/v1/omnivore_video_swinl_fp16/2c78909f-ff5c-4a70-b5ae-2d74e11fbe93.pt,File,14.66 MB
/content/drive/MyDrive/ego4d_data/v1/omnivore_video_swinl_fp16/68c73d6c-8102-42ae-8d07-c5529bb933fa.pt,File,14.17 MB
/content/drive/MyDrive/ego4d_data/v1/omnivore_video_swinl_fp16/0377792b-7b1e-4d67-86fd-f50c9257ea85.pt,File,6.71 MB
/content/drive/MyDrive/ego4d_data/v1/omnivore_video_swinl_fp16/047c5e54-444f-463e-b677-be38e706a9ea.pt,File,4.05 MB
/content/drive/MyDrive/ego4d_data/v1/omnivore_video_swinl_fp16/d20f6551-0272-4a69-8b02-da7ffcf29e0f.pt,File,7.16 MB
/content/drive/MyDrive/ego4d_data/v1/omnivore_video_swinl_fp16/114d86a7-2849-46de-8bb7-8fe1e1a48be8.pt,File,1.51 MB
/content/drive/MyDrive/ego4d_data/v1/omnivore_video_swinl_fp16/eb628b6d-001d-48ab-90ed-730e47f299b9.pt,File,2.37 MB
/content/drive/MyDrive/ego4d_data/v1/omnivore_video_swinl_fp16/c924da0b-c38e-4b68-a0d2-c16cf9207a40.pt,File,6.88 MB
/content/drive/MyDrive/ego4d_data/v1/omnivore_video_swinl_fp16/edc1869c-8a97-44fd-ab47-63fda4a54df9.pt,File,2.34 MB
/content/drive/MyDrive/ego4d_data/v1/omnivore_video_swinl_fp16/f6277269-1c87-439c-b5be-d4a02343018a.pt,File,9.01 MB
/content/drive/MyDrive/ego4d_data/v1/omnivore_video_swinl_fp16/c6da6ceb-5f40-436b-8c83-76458f46b3fb.pt,File,4.41 MB
/content/drive/MyDrive/ego4d_data/v1/omnivore_video_swinl_fp16/6b6d73b9-e92c-4698-86df-bbe687a9e95e.pt,File,9.40 MB
/content/drive/MyDrive/ego4d_data/v1/omnivore_video_swinl_fp16/054992d4-aa9a-4904-8699-3ecf422e0312.pt,File,828.73 KB
/content/drive/MyDrive/ego4d_data/v1/omnivore_video_swinl_fp16/3f0aa3e8-6c8c-4eab-ad6e-00d3876768d8.pt,File,20.06 MB
/content/drive/MyDrive/ego4d_data/v1/omnivore_video_swinl_fp16/61cebde6-a2db-4e7f-a928-0d12a2fea535.pt,File,14.33 MB
/content/drive/MyDrive/ego4d_data/v1/omnivore_video_swinl_fp16/3fffb452-1c17-43fa-b473-c9e19ac21433.pt,File,20.50 MB
/content/drive/MyDrive/ego4d_data/v1/omnivore_video_swinl_fp16/8fc2c084-ff56-4112-af4a-dfa2609f17c3.pt,File,3.18 MB
/content/drive/MyDrive/ego4d_data/v1/omnivore_video_swinl_fp16/6834426d-9454-4fc9-a538-20d498d18e87.pt,File,927.73 KB
/content/drive/MyDrive/ego4d_data/v1/omnivore_video_swinl_fp16/7d1f0e94-74a9-4c9f-a026-88192d1da079.pt,File,4.98 MB
/content/drive/MyDrive/ego4d_data/v1/omnivore_video_swinl_fp16/f6da2935-f18d-4ef4-9a50-8890d1cf796a.pt,File,7.25 MB
/content/drive/MyDrive/ego4d_data/v1/omnivore_video_swinl_fp16/2978ddbc-cdc9-4bfa-9a7c-4bf056904010.pt,File,5.78 MB
/content/drive/MyDrive/ego4d_data/v1/omnivore_video_swinl_fp16/eb486644-f46f-44cf-8e4b-73245b2fc02e.pt,File,13.59 MB
/content/drive/MyDrive/ego4d_data/v1/omnivore_video_swinl_fp16/0afbf08b-09a5-4c15-a85a-5ebf88866443.pt,File,5.74 MB
/content/drive/MyDrive/ego4d_data/v1/omnivore_video_swinl_fp16/93357145-49fb-4128-b5da-25bc9602daf0.pt,File,8.56 MB
/content/drive/MyDrive/ego4d_data/v1/omnivore_video_swinl_fp16/b7499ed7-3a53-4801-9f0e-15a923d4b89e.pt,File,24.11 MB
/content/drive/MyDrive/ego4d_data/v1/omnivore_video_swinl_fp16/8240bbf6-df43-4677-9508-b281558c5856.pt,File,10.08 MB
/content/drive/MyDrive/ego4d_data/v1/omnivore_video_swinl_fp16/e9a19c77-50c5-4175-897f-2f5522dc1da8.pt,File,29.75 MB
/content/drive/MyDrive/ego4d_data/v1/omnivore_video_swinl_fp16/73e6163f-5dbd-49be-a6f1-d06d0a1dca31.pt,File,26.64 MB
/content/drive/MyDrive/ego4d_data/v1/omnivore_video_swinl_fp16/7021640c-5533-49e1-b2e1-e638eb6bb2c9.pt,File,22.86 MB
/content/drive/MyDrive/ego4d_data/v1/omnivore_video_swinl_fp16/200a8f32-c44a-463d-ba39-0190a0bddf7a.pt,File,15.42 MB
/content/drive/MyDrive/ego4d_data/v1/omnivore_video_swinl_fp16/316b709c-1f0b-495e-8538-ccd1293443a6.pt,File,2.68 MB
/content/drive/MyDrive/ego4d_data/v1/annotations/manifest.csv,File,4.14 KB
/content/drive/MyDrive/ego4d_data/v1/annotations/narration_verb_taxonomy.csv,File,5.79 KB
/content/drive/MyDrive/ego4d_data/v1/annotations/narration_noun_taxonomy.csv,File,29.41 KB
/content/drive/MyDrive/ego4d_data/v1/annotations/av_test_unannotated.json,File,75.21 KB
/content/drive/MyDrive/ego4d_data/v1/annotations/moments_test_unannotated.json,File,180.96 KB
/content/drive/MyDrive/ego4d_data/v1/annotations/nlq_val.json,File,1.91 MB
/content/drive/MyDrive/ego4d_data/v1/annotations/nlq_test_unannotated.json,File,374.99 KB
/content/drive/MyDrive/ego4d_data/v1/annotations/moments_val.json,File,1.37 MB
/content/drive/MyDrive/ego4d_data/v1/annotations/moments_train.json,File,4.22 MB
/content/drive/MyDrive/ego4d_data/v1/annotations/nlq_train.json,File,5.60 MB
/content/drive/MyDrive/ego4d_data/v1/annotations/vq_test_unannotated.json,File,3.90 MB
/content/drive/MyDrive/ego4d_data/v1/annotations/vq_val.json,File,31.26 MB
/content/drive/MyDrive/ego4d_data/v1/annotations/av_val.json,File,56.39 MB
/content/drive/MyDrive/ego4d_data/v1/annotations/fho_scod_val.json,File,23.51 MB
/content/drive/MyDrive/ego4d_data/v1/annotations/fho_scod_train.json,File,35.01 MB
/content/drive/MyDrive/ego4d_data/v1/annotations/fho_hands_train.json,File,65.46 MB
/content/drive/MyDrive/ego4d_data/v1/annotations/fho_sta_train.json,File,9.63 MB
/content/drive/MyDrive/ego4d_data/v1/annotations/fho_sta_val.json,File,5.95 MB
/content/drive/MyDrive/ego4d_data/v1/annotations/fho_lta_train.json,File,17.39 MB
/content/drive/MyDrive/ego4d_data/v1/annotations/vq_train.json,File,92.25 MB
/content/drive/MyDrive/ego4d_data/v1/annotations/fho_hands_val.json,File,43.35 MB
/content/drive/MyDrive/ego4d_data/v1/annotations/fho_lta_taxonomy.json,File,11.83 KB
/content/drive/MyDrive/ego4d_data/v1/annotations/fho_sta_test_unannotated.json,File,4.06 MB
/content/drive/MyDrive/ego4d_data/v1/annotations/fho_lta_val.json,File,11.49 MB
/content/drive/MyDrive/ego4d_data/v1/annotations/fho_oscc-pnr_val.json,File,11.02 MB
/content/drive/MyDrive/ego4d_data/v1/annotations/fho_oscc-pnr_test_unannotated.json,File,6.99 MB
/content/drive/MyDrive/ego4d_data/v1/annotations/fho_oscc-pnr_train.json,File,15.85 MB
/content/drive/MyDrive/ego4d_data/v1/annotations/fho_lta_test_unannotated.json,File,9.96 MB
/content/drive/MyDrive/ego4d_data/v1/annotations/fho_hands_test_unannotated.json,File,6.12 MB
/content/drive/MyDrive/ego4d_data/v1/annotations/av_train.json,File,603.04 MB
/content/drive/MyDrive/ego4d_data/v1/annotations/fho_scod_test_unannotated.json,File,462.40 MB
/content/drive/MyDrive/ego4d_data/v1/annotations/narration.json,File,1.01 GB
/content/drive/MyDrive/ego4d_data/v1/sta_models/manifest.csv,File,383.00 bytes
/content/drive/MyDrive/ego4d_data/v1/sta_models/object_detections.json,File,70.83 MB
/content/drive/MyDrive/ego4d_data/v1/sta_models/slowfast_model.ckpt,File,258.61 MB
/content/drive/MyDrive/ego4d_data/v1/sta_models/object_detector.pth,File,318.12 MB
/content/drive/MyDrive/ego4d_data/v1/sta_models/manifest.ver,File,122.12 KB
